blocks-iam	AuthenticationController	POST	signup	/api/auth/signup	d:\OFFICE_PROJECT\ALL_REPOSITORY\PLATFORM_REPO\blocks-iam\server\Api\Controllers\AuthenticationController.cs	Authentication.signup
blocks-iam	AuthenticationController	GET	login-options	/api/auth/login-options	d:\OFFICE_PROJECT\ALL_REPOSITORY\PLATFORM_REPO\blocks-iam\server\Api\Controllers\AuthenticationController.cs	Authentication.login-options
blocks-iam	AuthenticationController	POST	login	/api/auth/login	d:\OFFICE_PROJECT\ALL_REPOSITORY\PLATFORM_REPO\blocks-iam\server\Api\Controllers\AuthenticationController.cs	Authentication.login
blocks-iam	AuthenticationController	POST	recover	/api/auth/recover	d:\OFFICE_PROJECT\ALL_REPOSITORY\PLATFORM_REPO\blocks-iam\server\Api\Controllers\AuthenticationController.cs	Authentication.recover
blocks-iam	AuthenticationController	POST	reset-password	/api/auth/reset-password	d:\OFFICE_PROJECT\ALL_REPOSITORY\PLATFORM_REPO\blocks-iam\server\Api\Controllers\AuthenticationController.cs	Authentication.reset-password
blocks-iam	AuthenticationController	POST	change-password	/api/auth/change-password	d:\OFFICE_PROJECT\ALL_REPOSITORY\PLATFORM_REPO\blocks-iam\server\Api\Controllers\AuthenticationController.cs	Authentication.change-password
blocks-iam	AuthenticationController	POST	activate	/api/auth/activate	d:\OFFICE_PROJECT\ALL_REPOSITORY\PLATFORM_REPO\blocks-iam\server\Api\Controllers\AuthenticationController.cs	Authentication.activate
blocks-iam	AuthenticationController	POST	resend-activation	/api/auth/resend-activation	d:\OFFICE_PROJECT\ALL_REPOSITORY\PLATFORM_REPO\blocks-iam\server\Api\Controllers\AuthenticationController.cs	Authentication.resend-activation
blocks-iam	AuthenticationController	POST	validate-activation	/api/auth/validate-activation	d:\OFFICE_PROJECT\ALL_REPOSITORY\PLATFORM_REPO\blocks-iam\server\Api\Controllers\AuthenticationController.cs	Authentication.validate-activation
blocks-iam	AuthenticationController	GET	social/initiate	/api/auth/social/initiate	d:\OFFICE_PROJECT\ALL_REPOSITORY\PLATFORM_REPO\blocks-iam\server\Api\Controllers\AuthenticationController.cs	Authentication.social/initiate
blocks-iam	AuthenticationController	POST	social/callback	/api/auth/social/callback	d:\OFFICE_PROJECT\ALL_REPOSITORY\PLATFORM_REPO\blocks-iam\server\Api\Controllers\AuthenticationController.cs	Authentication.social/callback
blocks-iam	AuthenticationController	POST	refresh	/api/auth/refresh	d:\OFFICE_PROJECT\ALL_REPOSITORY\PLATFORM_REPO\blocks-iam\server\Api\Controllers\AuthenticationController.cs	Authentication.refresh
blocks-iam	AuthenticationController	POST	logout	/api/auth/logout	d:\OFFICE_PROJECT\ALL_REPOSITORY\PLATFORM_REPO\blocks-iam\server\Api\Controllers\AuthenticationController.cs	Authentication.logout
blocks-iam	AuthenticationController	POST	switch-org	/api/auth/switch-org	d:\OFFICE_PROJECT\ALL_REPOSITORY\PLATFORM_REPO\blocks-iam\server\Api\Controllers\AuthenticationController.cs	Authentication.switch-org
blocks-iam	AuthenticationController	POST	impersonate	/api/auth/impersonate	d:\OFFICE_PROJECT\ALL_REPOSITORY\PLATFORM_REPO\blocks-iam\server\Api\Controllers\AuthenticationController.cs	Authentication.impersonate
blocks-iam	AuthenticationController	POST	impersonation/stop	/api/auth/impersonation/stop	d:\OFFICE_PROJECT\ALL_REPOSITORY\PLATFORM_REPO\blocks-iam\server\Api\Controllers\AuthenticationController.cs	Authentication.impersonation/stop
blocks-iam	AuthenticationController	POST	impersonation/status	/api/auth/impersonation/status	d:\OFFICE_PROJECT\ALL_REPOSITORY\PLATFORM_REPO\blocks-iam\server\Api\Controllers\AuthenticationController.cs	Authentication.impersonation/status
blocks-iam	AuthenticationController	POST	logout-all	/api/auth/logout-all	d:\OFFICE_PROJECT\ALL_REPOSITORY\PLATFORM_REPO\blocks-iam\server\Api\Controllers\AuthenticationController.cs	Authentication.logout-all
blocks-iam	AuthenticationController	GET	me	/api/auth/me	d:\OFFICE_PROJECT\ALL_REPOSITORY\PLATFORM_REPO\blocks-iam\server\Api\Controllers\AuthenticationController.cs	Authentication.me
blocks-iam	AuthenticationController	POST	identity-providers	/api/auth/identity-providers	d:\OFFICE_PROJECT\ALL_REPOSITORY\PLATFORM_REPO\blocks-iam\server\Api\Controllers\AuthenticationController.cs	Authentication.identity-providers
blocks-iam	AuthenticationController	GET	identity-providers	/api/auth/identity-providers	d:\OFFICE_PROJECT\ALL_REPOSITORY\PLATFORM_REPO\blocks-iam\server\Api\Controllers\AuthenticationController.cs	Authentication.identity-providers
blocks-iam	AuthenticationController	GET	identity-providers/{id}	/api/auth/identity-providers/{id}	d:\OFFICE_PROJECT\ALL_REPOSITORY\PLATFORM_REPO\blocks-iam\server\Api\Controllers\AuthenticationController.cs	Authentication.identity-providers/{id}
blocks-iam	AuthenticationController	PUT	identity-providers/{id}	/api/auth/identity-providers/{id}	d:\OFFICE_PROJECT\ALL_REPOSITORY\PLATFORM_REPO\blocks-iam\server\Api\Controllers\AuthenticationController.cs	Authentication.identity-providers/{id}
blocks-iam	AuthenticationController	DELETE	identity-providers/{id}	/api/auth/identity-providers/{id}	d:\OFFICE_PROJECT\ALL_REPOSITORY\PLATFORM_REPO\blocks-iam\server\Api\Controllers\AuthenticationController.cs	Authentication.identity-providers/{id}
blocks-iam	AuthenticationController	PATCH	identity-providers/{id}/status	/api/auth/identity-providers/{id}/status	d:\OFFICE_PROJECT\ALL_REPOSITORY\PLATFORM_REPO\blocks-iam\server\Api\Controllers\AuthenticationController.cs	Authentication.identity-providers/{id}/status
blocks-iam	AuthenticationController	GET	config	/api/auth/config	d:\OFFICE_PROJECT\ALL_REPOSITORY\PLATFORM_REPO\blocks-iam\server\Api\Controllers\AuthenticationController.cs	Authentication.config
blocks-iam	AuthenticationController	POST	config	/api/auth/config	d:\OFFICE_PROJECT\ALL_REPOSITORY\PLATFORM_REPO\blocks-iam\server\Api\Controllers\AuthenticationController.cs	Authentication.config
blocks-iam	AuthenticationController	POST	user-codes	/api/auth/user-codes	d:\OFFICE_PROJECT\ALL_REPOSITORY\PLATFORM_REPO\blocks-iam\server\Api\Controllers\AuthenticationController.cs	Authentication.user-codes
blocks-iam	AuthenticationController	GET	user-codes	/api/auth/user-codes	d:\OFFICE_PROJECT\ALL_REPOSITORY\PLATFORM_REPO\blocks-iam\server\Api\Controllers\AuthenticationController.cs	Authentication.user-codes
blocks-iam	AuthenticationController	POST	client-credentials	/api/auth/client-credentials	d:\OFFICE_PROJECT\ALL_REPOSITORY\PLATFORM_REPO\blocks-iam\server\Api\Controllers\AuthenticationController.cs	Authentication.client-credentials
blocks-iam	AuthenticationController	DELETE	client-credentials/{id}	/api/auth/client-credentials/{id}	d:\OFFICE_PROJECT\ALL_REPOSITORY\PLATFORM_REPO\blocks-iam\server\Api\Controllers\AuthenticationController.cs	Authentication.client-credentials/{id}
blocks-iam	AuthenticationController	GET	client-credentials	/api/auth/client-credentials	d:\OFFICE_PROJECT\ALL_REPOSITORY\PLATFORM_REPO\blocks-iam\server\Api\Controllers\AuthenticationController.cs	Authentication.client-credentials
blocks-iam	OidcLoginSelectAccountRequest	POST	login	/api/oidc/login	d:\OFFICE_PROJECT\ALL_REPOSITORY\PLATFORM_REPO\blocks-iam\server\Api\Controllers\AuthorizationController.cs	OidcLoginSelectAccountRequest.login
blocks-iam	OidcLoginSelectAccountRequest	GET	authorize	/api/oidc/authorize	d:\OFFICE_PROJECT\ALL_REPOSITORY\PLATFORM_REPO\blocks-iam\server\Api\Controllers\AuthorizationController.cs	OidcLoginSelectAccountRequest.authorize
blocks-iam	OidcLoginSelectAccountRequest	POST	token	/api/oidc/token	d:\OFFICE_PROJECT\ALL_REPOSITORY\PLATFORM_REPO\blocks-iam\server\Api\Controllers\AuthorizationController.cs	OidcLoginSelectAccountRequest.token
blocks-iam	OidcLoginSelectAccountRequest	POST	device_authorization	/api/oidc/device_authorization	d:\OFFICE_PROJECT\ALL_REPOSITORY\PLATFORM_REPO\blocks-iam\server\Api\Controllers\AuthorizationController.cs	OidcLoginSelectAccountRequest.device_authorization
blocks-iam	OidcLoginSelectAccountRequest	GET	callback	/api/oidc/callback	d:\OFFICE_PROJECT\ALL_REPOSITORY\PLATFORM_REPO\blocks-iam\server\Api\Controllers\AuthorizationController.cs	OidcLoginSelectAccountRequest.callback
blocks-iam	OidcLoginSelectAccountRequest	POST	callback	/api/oidc/callback	d:\OFFICE_PROJECT\ALL_REPOSITORY\PLATFORM_REPO\blocks-iam\server\Api\Controllers\AuthorizationController.cs	OidcLoginSelectAccountRequest.callback
blocks-iam	DeviceController	GET		/api/device	d:\OFFICE_PROJECT\ALL_REPOSITORY\PLATFORM_REPO\blocks-iam\server\Api\Controllers\DeviceController.cs	Device.<root>
blocks-iam	DeviceController	POST	verify	/api/device/verify	d:\OFFICE_PROJECT\ALL_REPOSITORY\PLATFORM_REPO\blocks-iam\server\Api\Controllers\DeviceController.cs	Device.verify
blocks-iam	DeviceController	POST	decision	/api/device/decision	d:\OFFICE_PROJECT\ALL_REPOSITORY\PLATFORM_REPO\blocks-iam\server\Api\Controllers\DeviceController.cs	Device.decision
blocks-iam	DiscoveryController	GET	/{tenant_id}/.well-known/openid-configuration	/api/{tenant_id}/.well-known/openid-configuration	d:\OFFICE_PROJECT\ALL_REPOSITORY\PLATFORM_REPO\blocks-iam\server\Api\Controllers\DiscoveryController.cs	Discovery./{tenant_id}/.well-known/openid-configuration
blocks-iam	DiscoveryController	GET	/{tenant_id}/.well-known/oauth-authorization-server	/api/{tenant_id}/.well-known/oauth-authorization-server	d:\OFFICE_PROJECT\ALL_REPOSITORY\PLATFORM_REPO\blocks-iam\server\Api\Controllers\DiscoveryController.cs	Discovery./{tenant_id}/.well-known/oauth-authorization-server
blocks-iam	DiscoveryController	GET	/{tenant_id}/.well-known/jwks.json	/api/{tenant_id}/.well-known/jwks.json	d:\OFFICE_PROJECT\ALL_REPOSITORY\PLATFORM_REPO\blocks-iam\server\Api\Controllers\DiscoveryController.cs	Discovery./{tenant_id}/.well-known/jwks.json
blocks-iam	DiscoveryController	GET	/{tenant_id}/jwks.json	/api/{tenant_id}/jwks.json	d:\OFFICE_PROJECT\ALL_REPOSITORY\PLATFORM_REPO\blocks-iam\server\Api\Controllers\DiscoveryController.cs	Discovery./{tenant_id}/jwks.json
blocks-iam	DiscoveryController	POST	/auth-login	/api/auth-login	d:\OFFICE_PROJECT\ALL_REPOSITORY\PLATFORM_REPO\blocks-iam\server\Api\Controllers\DiscoveryController.cs	Discovery./auth-login
blocks-iam	IamController	POST	permissions/create	/api/iam/permissions/create	d:\OFFICE_PROJECT\ALL_REPOSITORY\PLATFORM_REPO\blocks-iam\server\Api\Controllers\IamController.cs	Iam.permissions/create
blocks-iam	IamController	POST	permissions/{id}	/api/iam/permissions/{id}	d:\OFFICE_PROJECT\ALL_REPOSITORY\PLATFORM_REPO\blocks-iam\server\Api\Controllers\IamController.cs	Iam.permissions/{id}
blocks-iam	IamController	DELETE	permissions/{id}	/api/iam/permissions/{id}	d:\OFFICE_PROJECT\ALL_REPOSITORY\PLATFORM_REPO\blocks-iam\server\Api\Controllers\IamController.cs	Iam.permissions/{id}
blocks-iam	IamController	POST	roles/create	/api/iam/roles/create	d:\OFFICE_PROJECT\ALL_REPOSITORY\PLATFORM_REPO\blocks-iam\server\Api\Controllers\IamController.cs	Iam.roles/create
blocks-iam	IamController	POST	roles/update	/api/iam/roles/update	d:\OFFICE_PROJECT\ALL_REPOSITORY\PLATFORM_REPO\blocks-iam\server\Api\Controllers\IamController.cs	Iam.roles/update
blocks-iam	IamController	DELETE	roles/{id}	/api/iam/roles/{id}	d:\OFFICE_PROJECT\ALL_REPOSITORY\PLATFORM_REPO\blocks-iam\server\Api\Controllers\IamController.cs	Iam.roles/{id}
blocks-iam	IamController	POST	permissions	/api/iam/permissions	d:\OFFICE_PROJECT\ALL_REPOSITORY\PLATFORM_REPO\blocks-iam\server\Api\Controllers\IamController.cs	Iam.permissions
blocks-iam	IamController	GET	permissions/by-severity	/api/iam/permissions/by-severity	d:\OFFICE_PROJECT\ALL_REPOSITORY\PLATFORM_REPO\blocks-iam\server\Api\Controllers\IamController.cs	Iam.permissions/by-severity
blocks-iam	IamController	GET	permissions/{id}	/api/iam/permissions/{id}	d:\OFFICE_PROJECT\ALL_REPOSITORY\PLATFORM_REPO\blocks-iam\server\Api\Controllers\IamController.cs	Iam.permissions/{id}
blocks-iam	IamController	POST	roles	/api/iam/roles	d:\OFFICE_PROJECT\ALL_REPOSITORY\PLATFORM_REPO\blocks-iam\server\Api\Controllers\IamController.cs	Iam.roles
blocks-iam	IamController	GET	roles/{id}	/api/iam/roles/{id}	d:\OFFICE_PROJECT\ALL_REPOSITORY\PLATFORM_REPO\blocks-iam\server\Api\Controllers\IamController.cs	Iam.roles/{id}
blocks-iam	IamController	GET	roles/{id}/archive-impact	/api/iam/roles/{id}/archive-impact	d:\OFFICE_PROJECT\ALL_REPOSITORY\PLATFORM_REPO\blocks-iam\server\Api\Controllers\IamController.cs	Iam.roles/{id}/archive-impact
blocks-iam	IamController	GET	permissions/{id}/archive-impact	/api/iam/permissions/{id}/archive-impact	d:\OFFICE_PROJECT\ALL_REPOSITORY\PLATFORM_REPO\blocks-iam\server\Api\Controllers\IamController.cs	Iam.permissions/{id}/archive-impact
blocks-iam	IamController	POST	roles/assign-permissions	/api/iam/roles/assign-permissions	d:\OFFICE_PROJECT\ALL_REPOSITORY\PLATFORM_REPO\blocks-iam\server\Api\Controllers\IamController.cs	Iam.roles/assign-permissions
blocks-iam	IamController	GET	roles/assignable	/api/iam/roles/assignable	d:\OFFICE_PROJECT\ALL_REPOSITORY\PLATFORM_REPO\blocks-iam\server\Api\Controllers\IamController.cs	Iam.roles/assignable
blocks-iam	IamController	GET	resource-groups	/api/iam/resource-groups	d:\OFFICE_PROJECT\ALL_REPOSITORY\PLATFORM_REPO\blocks-iam\server\Api\Controllers\IamController.cs	Iam.resource-groups
blocks-iam	IamController	GET	resource/features	/api/iam/resource/features	d:\OFFICE_PROJECT\ALL_REPOSITORY\PLATFORM_REPO\blocks-iam\server\Api\Controllers\IamController.cs	Iam.resource/features
blocks-iam	IamController	POST	users/create	/api/iam/users/create	d:\OFFICE_PROJECT\ALL_REPOSITORY\PLATFORM_REPO\blocks-iam\server\Api\Controllers\IamController.cs	Iam.users/create
blocks-iam	IamController	POST	users/{id}	/api/iam/users/{id}	d:\OFFICE_PROJECT\ALL_REPOSITORY\PLATFORM_REPO\blocks-iam\server\Api\Controllers\IamController.cs	Iam.users/{id}
blocks-iam	IamController	POST	users/deactivate	/api/iam/users/deactivate	d:\OFFICE_PROJECT\ALL_REPOSITORY\PLATFORM_REPO\blocks-iam\server\Api\Controllers\IamController.cs	Iam.users/deactivate
blocks-iam	IamController	POST	users/activate	/api/iam/users/activate	d:\OFFICE_PROJECT\ALL_REPOSITORY\PLATFORM_REPO\blocks-iam\server\Api\Controllers\IamController.cs	Iam.users/activate
blocks-iam	IamController	POST	users	/api/iam/users	d:\OFFICE_PROJECT\ALL_REPOSITORY\PLATFORM_REPO\blocks-iam\server\Api\Controllers\IamController.cs	Iam.users
blocks-iam	IamController	GET	users/{id}	/api/iam/users/{id}	d:\OFFICE_PROJECT\ALL_REPOSITORY\PLATFORM_REPO\blocks-iam\server\Api\Controllers\IamController.cs	Iam.users/{id}
blocks-iam	IamController	GET	me	/api/iam/me	d:\OFFICE_PROJECT\ALL_REPOSITORY\PLATFORM_REPO\blocks-iam\server\Api\Controllers\IamController.cs	Iam.me
blocks-iam	IamController	POST	me	/api/iam/me	d:\OFFICE_PROJECT\ALL_REPOSITORY\PLATFORM_REPO\blocks-iam\server\Api\Controllers\IamController.cs	Iam.me
blocks-iam	IamController	POST	users/access	/api/iam/users/access	d:\OFFICE_PROJECT\ALL_REPOSITORY\PLATFORM_REPO\blocks-iam\server\Api\Controllers\IamController.cs	Iam.users/access
blocks-iam	IamController	POST	users/revoke-access	/api/iam/users/revoke-access	d:\OFFICE_PROJECT\ALL_REPOSITORY\PLATFORM_REPO\blocks-iam\server\Api\Controllers\IamController.cs	Iam.users/revoke-access
blocks-iam	IamController	GET	email/available	/api/iam/email/available	d:\OFFICE_PROJECT\ALL_REPOSITORY\PLATFORM_REPO\blocks-iam\server\Api\Controllers\IamController.cs	Iam.email/available
blocks-iam	IamController	GET	users/exists	/api/iam/users/exists	d:\OFFICE_PROJECT\ALL_REPOSITORY\PLATFORM_REPO\blocks-iam\server\Api\Controllers\IamController.cs	Iam.users/exists
blocks-iam	IamController	POST	organizations/create	/api/iam/organizations/create	d:\OFFICE_PROJECT\ALL_REPOSITORY\PLATFORM_REPO\blocks-iam\server\Api\Controllers\IamController.cs	Iam.organizations/create
blocks-iam	IamController	POST	organizations/{id}	/api/iam/organizations/{id}	d:\OFFICE_PROJECT\ALL_REPOSITORY\PLATFORM_REPO\blocks-iam\server\Api\Controllers\IamController.cs	Iam.organizations/{id}
blocks-iam	IamController	GET	organizations	/api/iam/organizations	d:\OFFICE_PROJECT\ALL_REPOSITORY\PLATFORM_REPO\blocks-iam\server\Api\Controllers\IamController.cs	Iam.organizations
blocks-iam	IamController	GET	organizations/{id}	/api/iam/organizations/{id}	d:\OFFICE_PROJECT\ALL_REPOSITORY\PLATFORM_REPO\blocks-iam\server\Api\Controllers\IamController.cs	Iam.organizations/{id}
blocks-iam	IamController	GET	organizations/my	/api/iam/organizations/my	d:\OFFICE_PROJECT\ALL_REPOSITORY\PLATFORM_REPO\blocks-iam\server\Api\Controllers\IamController.cs	Iam.organizations/my
blocks-iam	IamController	POST	organizations/config	/api/iam/organizations/config	d:\OFFICE_PROJECT\ALL_REPOSITORY\PLATFORM_REPO\blocks-iam\server\Api\Controllers\IamController.cs	Iam.organizations/config
blocks-iam	IamController	GET	organizations/config	/api/iam/organizations/config	d:\OFFICE_PROJECT\ALL_REPOSITORY\PLATFORM_REPO\blocks-iam\server\Api\Controllers\IamController.cs	Iam.organizations/config
blocks-iam	IamController	POST	signup-settings	/api/iam/signup-settings	d:\OFFICE_PROJECT\ALL_REPOSITORY\PLATFORM_REPO\blocks-iam\server\Api\Controllers\IamController.cs	Iam.signup-settings
blocks-iam	IamController	GET	signup-settings	/api/iam/signup-settings	d:\OFFICE_PROJECT\ALL_REPOSITORY\PLATFORM_REPO\blocks-iam\server\Api\Controllers\IamController.cs	Iam.signup-settings
blocks-iam	IdpController	GET	initiate	/api/idp/initiate	d:\OFFICE_PROJECT\ALL_REPOSITORY\PLATFORM_REPO\blocks-iam\server\Api\Controllers\IdpController.cs	Idp.initiate
blocks-iam	IdpController	GET	callback	/api/idp/callback	d:\OFFICE_PROJECT\ALL_REPOSITORY\PLATFORM_REPO\blocks-iam\server\Api\Controllers\IdpController.cs	Idp.callback
blocks-iam	IdpController	GET	oidc-ui-config	/api/idp/oidc-ui-config	d:\OFFICE_PROJECT\ALL_REPOSITORY\PLATFORM_REPO\blocks-iam\server\Api\Controllers\IdpController.cs	Idp.oidc-ui-config
blocks-iam	RevokeSessionRequest	GET		/api/oidc/session	d:\OFFICE_PROJECT\ALL_REPOSITORY\PLATFORM_REPO\blocks-iam\server\Api\Controllers\IdpSessionController.cs	RevokeSessionRequest.<root>
blocks-iam	RevokeSessionRequest	GET	accounts	/api/oidc/session/accounts	d:\OFFICE_PROJECT\ALL_REPOSITORY\PLATFORM_REPO\blocks-iam\server\Api\Controllers\IdpSessionController.cs	RevokeSessionRequest.accounts
blocks-iam	RevokeSessionRequest	POST	account/add	/api/oidc/session/account/add	d:\OFFICE_PROJECT\ALL_REPOSITORY\PLATFORM_REPO\blocks-iam\server\Api\Controllers\IdpSessionController.cs	RevokeSessionRequest.account/add
blocks-iam	RevokeSessionRequest	POST	account/select	/api/oidc/session/account/select	d:\OFFICE_PROJECT\ALL_REPOSITORY\PLATFORM_REPO\blocks-iam\server\Api\Controllers\IdpSessionController.cs	RevokeSessionRequest.account/select
blocks-iam	RevokeSessionRequest	DELETE	accounts/{userId}	/api/oidc/session/accounts/{userId}	d:\OFFICE_PROJECT\ALL_REPOSITORY\PLATFORM_REPO\blocks-iam\server\Api\Controllers\IdpSessionController.cs	RevokeSessionRequest.accounts/{userId}
blocks-iam	RevokeSessionRequest	POST	revoke	/api/oidc/session/revoke	d:\OFFICE_PROJECT\ALL_REPOSITORY\PLATFORM_REPO\blocks-iam\server\Api\Controllers\IdpSessionController.cs	RevokeSessionRequest.revoke
blocks-iam	ConsumeBackupCodeRequest	GET	config	/api/mfa/config	d:\OFFICE_PROJECT\ALL_REPOSITORY\PLATFORM_REPO\blocks-iam\server\Api\Controllers\MfaController.cs	ConsumeBackupCodeRequest.config
blocks-iam	ConsumeBackupCodeRequest	POST	config	/api/mfa/config	d:\OFFICE_PROJECT\ALL_REPOSITORY\PLATFORM_REPO\blocks-iam\server\Api\Controllers\MfaController.cs	ConsumeBackupCodeRequest.config
blocks-iam	ConsumeBackupCodeRequest	POST	totp/setup	/api/mfa/totp/setup	d:\OFFICE_PROJECT\ALL_REPOSITORY\PLATFORM_REPO\blocks-iam\server\Api\Controllers\MfaController.cs	ConsumeBackupCodeRequest.totp/setup
blocks-iam	ConsumeBackupCodeRequest	POST	totp/verify-setup	/api/mfa/totp/verify-setup	d:\OFFICE_PROJECT\ALL_REPOSITORY\PLATFORM_REPO\blocks-iam\server\Api\Controllers\MfaController.cs	ConsumeBackupCodeRequest.totp/verify-setup
blocks-iam	ConsumeBackupCodeRequest	POST	generate	/api/mfa/generate	d:\OFFICE_PROJECT\ALL_REPOSITORY\PLATFORM_REPO\blocks-iam\server\Api\Controllers\MfaController.cs	ConsumeBackupCodeRequest.generate
blocks-iam	ConsumeBackupCodeRequest	POST	resend	/api/mfa/resend	d:\OFFICE_PROJECT\ALL_REPOSITORY\PLATFORM_REPO\blocks-iam\server\Api\Controllers\MfaController.cs	ConsumeBackupCodeRequest.resend
blocks-iam	ConsumeBackupCodeRequest	POST	verify	/api/mfa/verify	d:\OFFICE_PROJECT\ALL_REPOSITORY\PLATFORM_REPO\blocks-iam\server\Api\Controllers\MfaController.cs	ConsumeBackupCodeRequest.verify
blocks-iam	ConsumeBackupCodeRequest	PUT	method	/api/mfa/method	d:\OFFICE_PROJECT\ALL_REPOSITORY\PLATFORM_REPO\blocks-iam\server\Api\Controllers\MfaController.cs	ConsumeBackupCodeRequest.method
blocks-iam	ConsumeBackupCodeRequest	POST	disable	/api/mfa/disable	d:\OFFICE_PROJECT\ALL_REPOSITORY\PLATFORM_REPO\blocks-iam\server\Api\Controllers\MfaController.cs	ConsumeBackupCodeRequest.disable
blocks-iam	ConsumeBackupCodeRequest	GET	backup-codes	/api/mfa/backup-codes	d:\OFFICE_PROJECT\ALL_REPOSITORY\PLATFORM_REPO\blocks-iam\server\Api\Controllers\MfaController.cs	ConsumeBackupCodeRequest.backup-codes
blocks-iam	ConsumeBackupCodeRequest	POST	backup-codes/generate	/api/mfa/backup-codes/generate	d:\OFFICE_PROJECT\ALL_REPOSITORY\PLATFORM_REPO\blocks-iam\server\Api\Controllers\MfaController.cs	ConsumeBackupCodeRequest.backup-codes/generate
blocks-iam	ConsumeBackupCodeRequest	POST	backup-codes/use	/api/mfa/backup-codes/use	d:\OFFICE_PROJECT\ALL_REPOSITORY\PLATFORM_REPO\blocks-iam\server\Api\Controllers\MfaController.cs	ConsumeBackupCodeRequest.backup-codes/use
blocks-iam	OidcClientsController	GET		/api/oidc-clients	d:\OFFICE_PROJECT\ALL_REPOSITORY\PLATFORM_REPO\blocks-iam\server\Api\Controllers\OidcClientsController.cs	OidcClients.<root>
blocks-iam	OidcClientsController	GET	{clientId}	/api/oidc-clients/{clientId}	d:\OFFICE_PROJECT\ALL_REPOSITORY\PLATFORM_REPO\blocks-iam\server\Api\Controllers\OidcClientsController.cs	OidcClients.{clientId}
blocks-iam	OidcClientsController	POST		/api/oidc-clients	d:\OFFICE_PROJECT\ALL_REPOSITORY\PLATFORM_REPO\blocks-iam\server\Api\Controllers\OidcClientsController.cs	OidcClients.<root>
blocks-iam	OidcClientsController	DELETE	{clientId}	/api/oidc-clients/{clientId}	d:\OFFICE_PROJECT\ALL_REPOSITORY\PLATFORM_REPO\blocks-iam\server\Api\Controllers\OidcClientsController.cs	OidcClients.{clientId}
blocks-iam	OidcClientsController	POST	{clientId}/rotate-secret	/api/oidc-clients/{clientId}/rotate-secret	d:\OFFICE_PROJECT\ALL_REPOSITORY\PLATFORM_REPO\blocks-iam\server\Api\Controllers\OidcClientsController.cs	OidcClients.{clientId}/rotate-secret
blocks-iam	GetActivityPayload	GET	summary	/api/security/summary	d:\OFFICE_PROJECT\ALL_REPOSITORY\PLATFORM_REPO\blocks-iam\server\Api\Controllers\SecurityController.cs	GetActivityPayload.summary
blocks-iam	GetActivityPayload	GET	sessions	/api/security/sessions	d:\OFFICE_PROJECT\ALL_REPOSITORY\PLATFORM_REPO\blocks-iam\server\Api\Controllers\SecurityController.cs	GetActivityPayload.sessions
blocks-iam	GetActivityPayload	GET	sessions/{sessionId}	/api/security/sessions/{sessionId}	d:\OFFICE_PROJECT\ALL_REPOSITORY\PLATFORM_REPO\blocks-iam\server\Api\Controllers\SecurityController.cs	GetActivityPayload.sessions/{sessionId}
blocks-iam	GetActivityPayload	POST	sessions/{sessionId}/revoke	/api/security/sessions/{sessionId}/revoke	d:\OFFICE_PROJECT\ALL_REPOSITORY\PLATFORM_REPO\blocks-iam\server\Api\Controllers\SecurityController.cs	GetActivityPayload.sessions/{sessionId}/revoke
blocks-iam	GetActivityPayload	POST	refresh-tokens/{tokenId}/revoke	/api/security/refresh-tokens/{tokenId}/revoke	d:\OFFICE_PROJECT\ALL_REPOSITORY\PLATFORM_REPO\blocks-iam\server\Api\Controllers\SecurityController.cs	GetActivityPayload.refresh-tokens/{tokenId}/revoke
blocks-iam	GetActivityPayload	POST	revoke/refresh-tokens/{tokenId}	/api/security/revoke/refresh-tokens/{tokenId}	d:\OFFICE_PROJECT\ALL_REPOSITORY\PLATFORM_REPO\blocks-iam\server\Api\Controllers\SecurityController.cs	GetActivityPayload.revoke/refresh-tokens/{tokenId}
blocks-iam	GetActivityPayload	POST	activity	/api/security/activity	d:\OFFICE_PROJECT\ALL_REPOSITORY\PLATFORM_REPO\blocks-iam\server\Api\Controllers\SecurityController.cs	GetActivityPayload.activity
blocks-iam	TokenManagementController	POST	revoke	/api/oidc/revoke	d:\OFFICE_PROJECT\ALL_REPOSITORY\PLATFORM_REPO\blocks-iam\server\Api\Controllers\TokenManagementController.cs	TokenManagement.revoke
blocks-iam	TokenManagementController	POST	introspect	/api/oidc/introspect	d:\OFFICE_PROJECT\ALL_REPOSITORY\PLATFORM_REPO\blocks-iam\server\Api\Controllers\TokenManagementController.cs	TokenManagement.introspect
blocks-data	ConfigurationController	GET		/api/configurations	d:\OFFICE_PROJECT\ALL_REPOSITORY\PLATFORM_REPO\blocks-data\server\Api\Controllers\DataGateway\ConfigurationController.cs	Configuration.<root>
blocks-data	ConfigurationController	POST		/api/configurations	d:\OFFICE_PROJECT\ALL_REPOSITORY\PLATFORM_REPO\blocks-data\server\Api\Controllers\DataGateway\ConfigurationController.cs	Configuration.<root>
blocks-data	ConfigurationController	PUT		/api/configurations	d:\OFFICE_PROJECT\ALL_REPOSITORY\PLATFORM_REPO\blocks-data\server\Api\Controllers\DataGateway\ConfigurationController.cs	Configuration.<root>
blocks-data	DataAccessController	POST	security/change	/api/data-access/security/change	d:\OFFICE_PROJECT\ALL_REPOSITORY\PLATFORM_REPO\blocks-data\server\Api\Controllers\DataGateway\DataAccessController.cs	DataAccess.security/change
blocks-data	DataAccessController	POST	policy/create	/api/data-access/policy/create	d:\OFFICE_PROJECT\ALL_REPOSITORY\PLATFORM_REPO\blocks-data\server\Api\Controllers\DataGateway\DataAccessController.cs	DataAccess.policy/create
blocks-data	DataAccessController	POST	policy/update	/api/data-access/policy/update	d:\OFFICE_PROJECT\ALL_REPOSITORY\PLATFORM_REPO\blocks-data\server\Api\Controllers\DataGateway\DataAccessController.cs	DataAccess.policy/update
blocks-data	DataAccessController	DELETE	policy/delete	/api/data-access/policy/delete	d:\OFFICE_PROJECT\ALL_REPOSITORY\PLATFORM_REPO\blocks-data\server\Api\Controllers\DataGateway\DataAccessController.cs	DataAccess.policy/delete
blocks-data	DataAccessController	GET	policy/get	/api/data-access/policy/get	d:\OFFICE_PROJECT\ALL_REPOSITORY\PLATFORM_REPO\blocks-data\server\Api\Controllers\DataGateway\DataAccessController.cs	DataAccess.policy/get
blocks-data	DataValidationController	GET		/api/data-validations	d:\OFFICE_PROJECT\ALL_REPOSITORY\PLATFORM_REPO\blocks-data\server\Api\Controllers\DataGateway\DataValidationController.cs	DataValidation.<root>
blocks-data	DataValidationController	GET	get-by-id	/api/data-validations/get-by-id	d:\OFFICE_PROJECT\ALL_REPOSITORY\PLATFORM_REPO\blocks-data\server\Api\Controllers\DataGateway\DataValidationController.cs	DataValidation.get-by-id
blocks-data	DataValidationController	GET	by-schema-id	/api/data-validations/by-schema-id	d:\OFFICE_PROJECT\ALL_REPOSITORY\PLATFORM_REPO\blocks-data\server\Api\Controllers\DataGateway\DataValidationController.cs	DataValidation.by-schema-id
blocks-data	DataValidationController	GET	by-schema-and-field	/api/data-validations/by-schema-and-field	d:\OFFICE_PROJECT\ALL_REPOSITORY\PLATFORM_REPO\blocks-data\server\Api\Controllers\DataGateway\DataValidationController.cs	DataValidation.by-schema-and-field
blocks-data	DataValidationController	POST		/api/data-validations	d:\OFFICE_PROJECT\ALL_REPOSITORY\PLATFORM_REPO\blocks-data\server\Api\Controllers\DataGateway\DataValidationController.cs	DataValidation.<root>
blocks-data	DataValidationController	PUT		/api/data-validations	d:\OFFICE_PROJECT\ALL_REPOSITORY\PLATFORM_REPO\blocks-data\server\Api\Controllers\DataGateway\DataValidationController.cs	DataValidation.<root>
blocks-data	DataValidationController	DELETE		/api/data-validations	d:\OFFICE_PROJECT\ALL_REPOSITORY\PLATFORM_REPO\blocks-data\server\Api\Controllers\DataGateway\DataValidationController.cs	DataValidation.<root>
blocks-data	MockDataController	GET		/api/mock-data	d:\OFFICE_PROJECT\ALL_REPOSITORY\PLATFORM_REPO\blocks-data\server\Api\Controllers\DataGateway\MockDataController.cs	MockData.<root>
blocks-data	MockDataController	POST	delete	/api/mock-data/delete	d:\OFFICE_PROJECT\ALL_REPOSITORY\PLATFORM_REPO\blocks-data\server\Api\Controllers\DataGateway\MockDataController.cs	MockData.delete
blocks-data	MockDataController	DELETE		/api/mock-data	d:\OFFICE_PROJECT\ALL_REPOSITORY\PLATFORM_REPO\blocks-data\server\Api\Controllers\DataGateway\MockDataController.cs	MockData.<root>
blocks-data	RegexAssistantController	POST	generate-regex	/api/regex/generate-regex	d:\OFFICE_PROJECT\ALL_REPOSITORY\PLATFORM_REPO\blocks-data\server\Api\Controllers\DataGateway\RegexAssistantController.cs	RegexAssistant.generate-regex
blocks-data	RegexAssistantController	POST	generateregex	/api/regex/generateregex	d:\OFFICE_PROJECT\ALL_REPOSITORY\PLATFORM_REPO\blocks-data\server\Api\Controllers\DataGateway\RegexAssistantController.cs	RegexAssistant.generateregex
blocks-data	SchemaConfigurationController	POST	reload	/api/schema-configurations/reload	d:\OFFICE_PROJECT\ALL_REPOSITORY\PLATFORM_REPO\blocks-data\server\Api\Controllers\DataGateway\SchemaConfigurationController.cs	SchemaConfiguration.reload
blocks-data	SchemaController	GET		/api/schemas	d:\OFFICE_PROJECT\ALL_REPOSITORY\PLATFORM_REPO\blocks-data\server\Api\Controllers\DataGateway\SchemaController.cs	Schema.<root>
blocks-data	SchemaController	GET	aggregation	/api/schemas/aggregation	d:\OFFICE_PROJECT\ALL_REPOSITORY\PLATFORM_REPO\blocks-data\server\Api\Controllers\DataGateway\SchemaController.cs	Schema.aggregation
blocks-data	SchemaController	GET	get-by-id	/api/schemas/get-by-id	d:\OFFICE_PROJECT\ALL_REPOSITORY\PLATFORM_REPO\blocks-data\server\Api\Controllers\DataGateway\SchemaController.cs	Schema.get-by-id
blocks-data	SchemaController	GET	unadapted-change-logs	/api/schemas/unadapted-change-logs	d:\OFFICE_PROJECT\ALL_REPOSITORY\PLATFORM_REPO\blocks-data\server\Api\Controllers\DataGateway\SchemaController.cs	Schema.unadapted-change-logs
blocks-data	SchemaController	GET	info	/api/schemas/info	d:\OFFICE_PROJECT\ALL_REPOSITORY\PLATFORM_REPO\blocks-data\server\Api\Controllers\DataGateway\SchemaController.cs	Schema.info
blocks-data	SchemaController	GET	info-by-name	/api/schemas/info-by-name	d:\OFFICE_PROJECT\ALL_REPOSITORY\PLATFORM_REPO\blocks-data\server\Api\Controllers\DataGateway\SchemaController.cs	Schema.info-by-name
blocks-data	SchemaController	POST	define	/api/schemas/define	d:\OFFICE_PROJECT\ALL_REPOSITORY\PLATFORM_REPO\blocks-data\server\Api\Controllers\DataGateway\SchemaController.cs	Schema.define
blocks-data	SchemaController	POST	info	/api/schemas/info	d:\OFFICE_PROJECT\ALL_REPOSITORY\PLATFORM_REPO\blocks-data\server\Api\Controllers\DataGateway\SchemaController.cs	Schema.info
blocks-data	SchemaController	POST	fields	/api/schemas/fields	d:\OFFICE_PROJECT\ALL_REPOSITORY\PLATFORM_REPO\blocks-data\server\Api\Controllers\DataGateway\SchemaController.cs	Schema.fields
blocks-data	SchemaController	PUT	define	/api/schemas/define	d:\OFFICE_PROJECT\ALL_REPOSITORY\PLATFORM_REPO\blocks-data\server\Api\Controllers\DataGateway\SchemaController.cs	Schema.define
blocks-data	SchemaController	PUT	info	/api/schemas/info	d:\OFFICE_PROJECT\ALL_REPOSITORY\PLATFORM_REPO\blocks-data\server\Api\Controllers\DataGateway\SchemaController.cs	Schema.info
blocks-data	SchemaController	DELETE		/api/schemas	d:\OFFICE_PROJECT\ALL_REPOSITORY\PLATFORM_REPO\blocks-data\server\Api\Controllers\DataGateway\SchemaController.cs	Schema.<root>
blocks-data	SchemaExchangeController	POST	export	/api/schema-exchange/export	d:\OFFICE_PROJECT\ALL_REPOSITORY\PLATFORM_REPO\blocks-data\server\Api\Controllers\DataGateway\SchemaExchangeController.cs	SchemaExchange.export
blocks-data	SchemaExchangeController	POST	import	/api/schema-exchange/import	d:\OFFICE_PROJECT\ALL_REPOSITORY\PLATFORM_REPO\blocks-data\server\Api\Controllers\DataGateway\SchemaExchangeController.cs	SchemaExchange.import
blocks-data	DirectoryController	POST	create-directory	/api/directory/create-directory	d:\OFFICE_PROJECT\ALL_REPOSITORY\PLATFORM_REPO\blocks-data\server\Api\Controllers\Storage\DirectoryController.cs	Directory.create-directory
blocks-data	DirectoryController	POST	create-root-directory	/api/directory/create-root-directory	d:\OFFICE_PROJECT\ALL_REPOSITORY\PLATFORM_REPO\blocks-data\server\Api\Controllers\Storage\DirectoryController.cs	Directory.create-root-directory
blocks-data	DirectoryController	GET	get-directory	/api/directory/get-directory	d:\OFFICE_PROJECT\ALL_REPOSITORY\PLATFORM_REPO\blocks-data\server\Api\Controllers\Storage\DirectoryController.cs	Directory.get-directory
blocks-data	DirectoryController	POST	update-directory	/api/directory/update-directory	d:\OFFICE_PROJECT\ALL_REPOSITORY\PLATFORM_REPO\blocks-data\server\Api\Controllers\Storage\DirectoryController.cs	Directory.update-directory
blocks-data	DirectoryController	POST	delete-directory	/api/directory/delete-directory	d:\OFFICE_PROJECT\ALL_REPOSITORY\PLATFORM_REPO\blocks-data\server\Api\Controllers\Storage\DirectoryController.cs	Directory.delete-directory
blocks-data	DirectoryController	POST	move-directory	/api/directory/move-directory	d:\OFFICE_PROJECT\ALL_REPOSITORY\PLATFORM_REPO\blocks-data\server\Api\Controllers\Storage\DirectoryController.cs	Directory.move-directory
blocks-data	FileController	GET	GetFile	/api/files/GetFile	d:\OFFICE_PROJECT\ALL_REPOSITORY\PLATFORM_REPO\blocks-data\server\Api\Controllers\Storage\FilesController.cs	File.GetFile
blocks-data	FileController	GET	get-file	/api/files/get-file	d:\OFFICE_PROJECT\ALL_REPOSITORY\PLATFORM_REPO\blocks-data\server\Api\Controllers\Storage\FilesController.cs	File.get-file
blocks-data	FileController	POST	GetFiles	/api/files/GetFiles	d:\OFFICE_PROJECT\ALL_REPOSITORY\PLATFORM_REPO\blocks-data\server\Api\Controllers\Storage\FilesController.cs	File.GetFiles
blocks-data	FileController	POST	get-files	/api/files/get-files	d:\OFFICE_PROJECT\ALL_REPOSITORY\PLATFORM_REPO\blocks-data\server\Api\Controllers\Storage\FilesController.cs	File.get-files
blocks-data	FileController	POST	GetFilesInfo	/api/files/GetFilesInfo	d:\OFFICE_PROJECT\ALL_REPOSITORY\PLATFORM_REPO\blocks-data\server\Api\Controllers\Storage\FilesController.cs	File.GetFilesInfo
blocks-data	FileController	POST	get-files-info	/api/files/get-files-info	d:\OFFICE_PROJECT\ALL_REPOSITORY\PLATFORM_REPO\blocks-data\server\Api\Controllers\Storage\FilesController.cs	File.get-files-info
blocks-data	FileController	POST	GetPreSignedUrlForUpload	/api/files/GetPreSignedUrlForUpload	d:\OFFICE_PROJECT\ALL_REPOSITORY\PLATFORM_REPO\blocks-data\server\Api\Controllers\Storage\FilesController.cs	File.GetPreSignedUrlForUpload
blocks-data	FileController	POST	get-pre-signed-url-for-upload	/api/files/get-pre-signed-url-for-upload	d:\OFFICE_PROJECT\ALL_REPOSITORY\PLATFORM_REPO\blocks-data\server\Api\Controllers\Storage\FilesController.cs	File.get-pre-signed-url-for-upload
blocks-data	FileController	POST	DeleteFile	/api/files/DeleteFile	d:\OFFICE_PROJECT\ALL_REPOSITORY\PLATFORM_REPO\blocks-data\server\Api\Controllers\Storage\FilesController.cs	File.DeleteFile
blocks-data	FileController	POST	delete-file	/api/files/delete-file	d:\OFFICE_PROJECT\ALL_REPOSITORY\PLATFORM_REPO\blocks-data\server\Api\Controllers\Storage\FilesController.cs	File.delete-file
blocks-data	FileController	POST	UploadFileToLocalStorage	/api/files/UploadFileToLocalStorage	d:\OFFICE_PROJECT\ALL_REPOSITORY\PLATFORM_REPO\blocks-data\server\Api\Controllers\Storage\FilesController.cs	File.UploadFileToLocalStorage
blocks-data	FileController	POST	upload-file-to-local-storage	/api/files/upload-file-to-local-storage	d:\OFFICE_PROJECT\ALL_REPOSITORY\PLATFORM_REPO\blocks-data\server\Api\Controllers\Storage\FilesController.cs	File.upload-file-to-local-storage
blocks-data	FileController	GET	DownloadFile	/api/files/DownloadFile	d:\OFFICE_PROJECT\ALL_REPOSITORY\PLATFORM_REPO\blocks-data\server\Api\Controllers\Storage\FilesController.cs	File.DownloadFile
blocks-data	FileController	GET	download-file	/api/files/download-file	d:\OFFICE_PROJECT\ALL_REPOSITORY\PLATFORM_REPO\blocks-data\server\Api\Controllers\Storage\FilesController.cs	File.download-file
blocks-data	FileController	POST	UpdateFileAdditionalInfo	/api/files/UpdateFileAdditionalInfo	d:\OFFICE_PROJECT\ALL_REPOSITORY\PLATFORM_REPO\blocks-data\server\Api\Controllers\Storage\FilesController.cs	File.UpdateFileAdditionalInfo
blocks-data	FileController	POST	update-file-additional-info	/api/files/update-file-additional-info	d:\OFFICE_PROJECT\ALL_REPOSITORY\PLATFORM_REPO\blocks-data\server\Api\Controllers\Storage\FilesController.cs	File.update-file-additional-info
blocks-data	FileController	GET	GetFileVersions	/api/files/GetFileVersions	d:\OFFICE_PROJECT\ALL_REPOSITORY\PLATFORM_REPO\blocks-data\server\Api\Controllers\Storage\FilesController.cs	File.GetFileVersions
blocks-data	FileController	GET	get-file-versions	/api/files/get-file-versions	d:\OFFICE_PROJECT\ALL_REPOSITORY\PLATFORM_REPO\blocks-data\server\Api\Controllers\Storage\FilesController.cs	File.get-file-versions
blocks-data	FileController	POST	CreateFileVersion	/api/files/CreateFileVersion	d:\OFFICE_PROJECT\ALL_REPOSITORY\PLATFORM_REPO\blocks-data\server\Api\Controllers\Storage\FilesController.cs	File.CreateFileVersion
blocks-data	FileController	POST	create-file-version	/api/files/create-file-version	d:\OFFICE_PROJECT\ALL_REPOSITORY\PLATFORM_REPO\blocks-data\server\Api\Controllers\Storage\FilesController.cs	File.create-file-version
blocks-data	FileController	POST	CopyFile	/api/files/CopyFile	d:\OFFICE_PROJECT\ALL_REPOSITORY\PLATFORM_REPO\blocks-data\server\Api\Controllers\Storage\FilesController.cs	File.CopyFile
blocks-data	FileController	POST	copy-file	/api/files/copy-file	d:\OFFICE_PROJECT\ALL_REPOSITORY\PLATFORM_REPO\blocks-data\server\Api\Controllers\Storage\FilesController.cs	File.copy-file
blocks-data	FileController	POST	MoveFile	/api/files/MoveFile	d:\OFFICE_PROJECT\ALL_REPOSITORY\PLATFORM_REPO\blocks-data\server\Api\Controllers\Storage\FilesController.cs	File.MoveFile
blocks-data	FileController	POST	move-file	/api/files/move-file	d:\OFFICE_PROJECT\ALL_REPOSITORY\PLATFORM_REPO\blocks-data\server\Api\Controllers\Storage\FilesController.cs	File.move-file
blocks-data	FileController	POST	RenameFile	/api/files/RenameFile	d:\OFFICE_PROJECT\ALL_REPOSITORY\PLATFORM_REPO\blocks-data\server\Api\Controllers\Storage\FilesController.cs	File.RenameFile
blocks-data	FileController	POST	rename-file	/api/files/rename-file	d:\OFFICE_PROJECT\ALL_REPOSITORY\PLATFORM_REPO\blocks-data\server\Api\Controllers\Storage\FilesController.cs	File.rename-file
blocks-data	ObjectController	GET	get-objects	/api/objects/get-objects	d:\OFFICE_PROJECT\ALL_REPOSITORY\PLATFORM_REPO\blocks-data\server\Api\Controllers\Storage\ObjectController.cs	Object.get-objects
blocks-data	ObjectController	GET	search-objects	/api/objects/search-objects	d:\OFFICE_PROJECT\ALL_REPOSITORY\PLATFORM_REPO\blocks-data\server\Api\Controllers\Storage\ObjectController.cs	Object.search-objects
blocks-data	ObjectController	GET	get-trash	/api/objects/get-trash	d:\OFFICE_PROJECT\ALL_REPOSITORY\PLATFORM_REPO\blocks-data\server\Api\Controllers\Storage\ObjectController.cs	Object.get-trash
blocks-data	ObjectController	GET	get-shared-objects	/api/objects/get-shared-objects	d:\OFFICE_PROJECT\ALL_REPOSITORY\PLATFORM_REPO\blocks-data\server\Api\Controllers\Storage\ObjectController.cs	Object.get-shared-objects
blocks-data	ObjectController	POST	restore-from-trash	/api/objects/restore-from-trash	d:\OFFICE_PROJECT\ALL_REPOSITORY\PLATFORM_REPO\blocks-data\server\Api\Controllers\Storage\ObjectController.cs	Object.restore-from-trash
blocks-data	ObjectController	POST	delete-from-trash	/api/objects/delete-from-trash	d:\OFFICE_PROJECT\ALL_REPOSITORY\PLATFORM_REPO\blocks-data\server\Api\Controllers\Storage\ObjectController.cs	Object.delete-from-trash
blocks-data	ObjectController	GET	get-access-policies	/api/objects/get-access-policies	d:\OFFICE_PROJECT\ALL_REPOSITORY\PLATFORM_REPO\blocks-data\server\Api\Controllers\Storage\ObjectController.cs	Object.get-access-policies
blocks-data	ObjectController	POST	grant-access	/api/objects/grant-access	d:\OFFICE_PROJECT\ALL_REPOSITORY\PLATFORM_REPO\blocks-data\server\Api\Controllers\Storage\ObjectController.cs	Object.grant-access
blocks-data	ObjectController	POST	update-access-policy	/api/objects/update-access-policy	d:\OFFICE_PROJECT\ALL_REPOSITORY\PLATFORM_REPO\blocks-data\server\Api\Controllers\Storage\ObjectController.cs	Object.update-access-policy
blocks-data	ObjectController	POST	revoke-access-policy	/api/objects/revoke-access-policy	d:\OFFICE_PROJECT\ALL_REPOSITORY\PLATFORM_REPO\blocks-data\server\Api\Controllers\Storage\ObjectController.cs	Object.revoke-access-policy
blocks-data	ObjectController	GET	resolve-access	/api/objects/resolve-access	d:\OFFICE_PROJECT\ALL_REPOSITORY\PLATFORM_REPO\blocks-data\server\Api\Controllers\Storage\ObjectController.cs	Object.resolve-access
blocks-data	ObjectController	POST	toggle-inheritance	/api/objects/toggle-inheritance	d:\OFFICE_PROJECT\ALL_REPOSITORY\PLATFORM_REPO\blocks-data\server\Api\Controllers\Storage\ObjectController.cs	Object.toggle-inheritance
blocks-data	ObjectController	POST	share-object	/api/objects/share-object	d:\OFFICE_PROJECT\ALL_REPOSITORY\PLATFORM_REPO\blocks-data\server\Api\Controllers\Storage\ObjectController.cs	Object.share-object
blocks-localization	AssistantController	POST	get-translation-suggestion	/api/assistant/get-translation-suggestion	d:\OFFICE_PROJECT\ALL_REPOSITORY\PLATFORM_REPO\blocks-localization\server\Api\Controllers\AssistantController.cs	Assistant.get-translation-suggestion
blocks-localization	ConfigController	GET	get-web-hook-for-current-tenant	/api/config/get-web-hook-for-current-tenant	d:\OFFICE_PROJECT\ALL_REPOSITORY\PLATFORM_REPO\blocks-localization\server\Api\Controllers\ConfigController.cs	Config.get-web-hook-for-current-tenant
blocks-localization	ConfigController	GET	get-cloud-web-hook	/api/config/get-cloud-web-hook	d:\OFFICE_PROJECT\ALL_REPOSITORY\PLATFORM_REPO\blocks-localization\server\Api\Controllers\ConfigController.cs	Config.get-cloud-web-hook
blocks-localization	ConfigController	GET	get-web-hook	/api/config/get-web-hook	d:\OFFICE_PROJECT\ALL_REPOSITORY\PLATFORM_REPO\blocks-localization\server\Api\Controllers\ConfigController.cs	Config.get-web-hook
blocks-localization	ConfigController	POST	save-web-hook	/api/config/save-web-hook	d:\OFFICE_PROJECT\ALL_REPOSITORY\PLATFORM_REPO\blocks-localization\server\Api\Controllers\ConfigController.cs	Config.save-web-hook
blocks-localization	GlossaryController	POST	save	/api/glossary/save	d:\OFFICE_PROJECT\ALL_REPOSITORY\PLATFORM_REPO\blocks-localization\server\Api\Controllers\GlossaryController.cs	Glossary.save
blocks-localization	GlossaryController	GET	gets	/api/glossary/gets	d:\OFFICE_PROJECT\ALL_REPOSITORY\PLATFORM_REPO\blocks-localization\server\Api\Controllers\GlossaryController.cs	Glossary.gets
blocks-localization	GlossaryController	GET	get	/api/glossary/get	d:\OFFICE_PROJECT\ALL_REPOSITORY\PLATFORM_REPO\blocks-localization\server\Api\Controllers\GlossaryController.cs	Glossary.get
blocks-localization	GlossaryController	GET	get-suggested-glossaries	/api/glossary/get-suggested-glossaries	d:\OFFICE_PROJECT\ALL_REPOSITORY\PLATFORM_REPO\blocks-localization\server\Api\Controllers\GlossaryController.cs	Glossary.get-suggested-glossaries
blocks-localization	GlossaryController	DELETE	delete	/api/glossary/delete	d:\OFFICE_PROJECT\ALL_REPOSITORY\PLATFORM_REPO\blocks-localization\server\Api\Controllers\GlossaryController.cs	Glossary.delete
blocks-localization	KeyController	POST	save	/api/key/save	d:\OFFICE_PROJECT\ALL_REPOSITORY\PLATFORM_REPO\blocks-localization\server\Api\Controllers\KeyController.cs	Key.save
blocks-localization	KeyController	POST	save-keys	/api/key/save-keys	d:\OFFICE_PROJECT\ALL_REPOSITORY\PLATFORM_REPO\blocks-localization\server\Api\Controllers\KeyController.cs	Key.save-keys
blocks-localization	KeyController	POST	gets	/api/key/gets	d:\OFFICE_PROJECT\ALL_REPOSITORY\PLATFORM_REPO\blocks-localization\server\Api\Controllers\KeyController.cs	Key.gets
blocks-localization	KeyController	POST	gets-by-key-names	/api/key/gets-by-key-names	d:\OFFICE_PROJECT\ALL_REPOSITORY\PLATFORM_REPO\blocks-localization\server\Api\Controllers\KeyController.cs	Key.gets-by-key-names
blocks-localization	KeyController	GET	get-timeline	/api/key/get-timeline	d:\OFFICE_PROJECT\ALL_REPOSITORY\PLATFORM_REPO\blocks-localization\server\Api\Controllers\KeyController.cs	Key.get-timeline
blocks-localization	KeyController	GET	get-localization-timeline	/api/key/get-localization-timeline	d:\OFFICE_PROJECT\ALL_REPOSITORY\PLATFORM_REPO\blocks-localization\server\Api\Controllers\KeyController.cs	Key.get-localization-timeline
blocks-localization	KeyController	GET	get-timeline-by-operation-id	/api/key/get-timeline-by-operation-id	d:\OFFICE_PROJECT\ALL_REPOSITORY\PLATFORM_REPO\blocks-localization\server\Api\Controllers\KeyController.cs	Key.get-timeline-by-operation-id
blocks-localization	KeyController	GET	get	/api/key/get	d:\OFFICE_PROJECT\ALL_REPOSITORY\PLATFORM_REPO\blocks-localization\server\Api\Controllers\KeyController.cs	Key.get
blocks-localization	KeyController	DELETE	delete	/api/key/delete	d:\OFFICE_PROJECT\ALL_REPOSITORY\PLATFORM_REPO\blocks-localization\server\Api\Controllers\KeyController.cs	Key.delete
blocks-localization	KeyController	POST	delete-keys	/api/key/delete-keys	d:\OFFICE_PROJECT\ALL_REPOSITORY\PLATFORM_REPO\blocks-localization\server\Api\Controllers\KeyController.cs	Key.delete-keys
blocks-localization	KeyController	DELETE	delete-keys	/api/key/delete-keys	d:\OFFICE_PROJECT\ALL_REPOSITORY\PLATFORM_REPO\blocks-localization\server\Api\Controllers\KeyController.cs	Key.delete-keys
blocks-localization	KeyController	GET	get-cloud-uilm-file	/api/key/get-cloud-uilm-file	d:\OFFICE_PROJECT\ALL_REPOSITORY\PLATFORM_REPO\blocks-localization\server\Api\Controllers\KeyController.cs	Key.get-cloud-uilm-file
blocks-localization	KeyController	GET	get-uilm-file	/api/key/get-uilm-file	d:\OFFICE_PROJECT\ALL_REPOSITORY\PLATFORM_REPO\blocks-localization\server\Api\Controllers\KeyController.cs	Key.get-uilm-file
blocks-localization	KeyController	POST	generate-uilm-file	/api/key/generate-uilm-file	d:\OFFICE_PROJECT\ALL_REPOSITORY\PLATFORM_REPO\blocks-localization\server\Api\Controllers\KeyController.cs	Key.generate-uilm-file
blocks-localization	KeyController	POST	translate-all	/api/key/translate-all	d:\OFFICE_PROJECT\ALL_REPOSITORY\PLATFORM_REPO\blocks-localization\server\Api\Controllers\KeyController.cs	Key.translate-all
blocks-localization	KeyController	POST	translate-key	/api/key/translate-key	d:\OFFICE_PROJECT\ALL_REPOSITORY\PLATFORM_REPO\blocks-localization\server\Api\Controllers\KeyController.cs	Key.translate-key
blocks-localization	KeyController	POST	translate-keys	/api/key/translate-keys	d:\OFFICE_PROJECT\ALL_REPOSITORY\PLATFORM_REPO\blocks-localization\server\Api\Controllers\KeyController.cs	Key.translate-keys
blocks-localization	KeyController	POST	uilm-import	/api/key/uilm-import	d:\OFFICE_PROJECT\ALL_REPOSITORY\PLATFORM_REPO\blocks-localization\server\Api\Controllers\KeyController.cs	Key.uilm-import
blocks-localization	KeyController	POST	uilm-export	/api/key/uilm-export	d:\OFFICE_PROJECT\ALL_REPOSITORY\PLATFORM_REPO\blocks-localization\server\Api\Controllers\KeyController.cs	Key.uilm-export
blocks-localization	KeyController	POST	delete-collections	/api/key/delete-collections	d:\OFFICE_PROJECT\ALL_REPOSITORY\PLATFORM_REPO\blocks-localization\server\Api\Controllers\KeyController.cs	Key.delete-collections
blocks-localization	KeyController	GET	get-uilm-exported-files	/api/key/get-uilm-exported-files	d:\OFFICE_PROJECT\ALL_REPOSITORY\PLATFORM_REPO\blocks-localization\server\Api\Controllers\KeyController.cs	Key.get-uilm-exported-files
blocks-localization	KeyController	GET	get-language-file-generation-history	/api/key/get-language-file-generation-history	d:\OFFICE_PROJECT\ALL_REPOSITORY\PLATFORM_REPO\blocks-localization\server\Api\Controllers\KeyController.cs	Key.get-language-file-generation-history
blocks-localization	KeyController	POST	roll-back	/api/key/roll-back	d:\OFFICE_PROJECT\ALL_REPOSITORY\PLATFORM_REPO\blocks-localization\server\Api\Controllers\KeyController.cs	Key.roll-back
blocks-localization	LanguageController	POST	save	/api/language/save	d:\OFFICE_PROJECT\ALL_REPOSITORY\PLATFORM_REPO\blocks-localization\server\Api\Controllers\LanguageController.cs	Language.save
blocks-localization	LanguageController	GET	get-languages-for-current-tenant	/api/language/get-languages-for-current-tenant	d:\OFFICE_PROJECT\ALL_REPOSITORY\PLATFORM_REPO\blocks-localization\server\Api\Controllers\LanguageController.cs	Language.get-languages-for-current-tenant
blocks-localization	LanguageController	GET	get-clouds-languages	/api/language/get-clouds-languages	d:\OFFICE_PROJECT\ALL_REPOSITORY\PLATFORM_REPO\blocks-localization\server\Api\Controllers\LanguageController.cs	Language.get-clouds-languages
blocks-localization	LanguageController	GET	gets	/api/language/gets	d:\OFFICE_PROJECT\ALL_REPOSITORY\PLATFORM_REPO\blocks-localization\server\Api\Controllers\LanguageController.cs	Language.gets
blocks-localization	LanguageController	DELETE	delete	/api/language/delete	d:\OFFICE_PROJECT\ALL_REPOSITORY\PLATFORM_REPO\blocks-localization\server\Api\Controllers\LanguageController.cs	Language.delete
blocks-localization	LanguageController	POST	set-default	/api/language/set-default	d:\OFFICE_PROJECT\ALL_REPOSITORY\PLATFORM_REPO\blocks-localization\server\Api\Controllers\LanguageController.cs	Language.set-default
blocks-localization	ModuleController	POST	save	/api/module/save	d:\OFFICE_PROJECT\ALL_REPOSITORY\PLATFORM_REPO\blocks-localization\server\Api\Controllers\ModuleController.cs	Module.save
blocks-localization	ModuleController	GET	get-modules-for-current-tenant	/api/module/get-modules-for-current-tenant	d:\OFFICE_PROJECT\ALL_REPOSITORY\PLATFORM_REPO\blocks-localization\server\Api\Controllers\ModuleController.cs	Module.get-modules-for-current-tenant
blocks-localization	ModuleController	GET	get-clouds-modules	/api/module/get-clouds-modules	d:\OFFICE_PROJECT\ALL_REPOSITORY\PLATFORM_REPO\blocks-localization\server\Api\Controllers\ModuleController.cs	Module.get-clouds-modules
blocks-localization	ModuleController	GET	gets	/api/module/gets	d:\OFFICE_PROJECT\ALL_REPOSITORY\PLATFORM_REPO\blocks-localization\server\Api\Controllers\ModuleController.cs	Module.gets
blocks-localization	ModuleController	DELETE	delete	/api/module/delete	d:\OFFICE_PROJECT\ALL_REPOSITORY\PLATFORM_REPO\blocks-localization\server\Api\Controllers\ModuleController.cs	Module.delete
blocks-localization	ModuleController	POST	tag-glossary	/api/module/tag-glossary	d:\OFFICE_PROJECT\ALL_REPOSITORY\PLATFORM_REPO\blocks-localization\server\Api\Controllers\ModuleController.cs	Module.tag-glossary
blocks-monitor	HealthController	POST	save-health	/api/health/save-health	d:\OFFICE_PROJECT\ALL_REPOSITORY\PLATFORM_REPO\blocks-monitor\server\Api\Controllers\HealthController.cs	Health.save-health
blocks-monitor	HealthController	POST	update-health	/api/health/update-health	d:\OFFICE_PROJECT\ALL_REPOSITORY\PLATFORM_REPO\blocks-monitor\server\Api\Controllers\HealthController.cs	Health.update-health
blocks-monitor	HealthController	GET	ping/{itemId}	/api/health/ping/{itemId}	d:\OFFICE_PROJECT\ALL_REPOSITORY\PLATFORM_REPO\blocks-monitor\server\Api\Controllers\HealthController.cs	Health.ping/{itemId}
blocks-monitor	HealthController	DELETE	delete-health	/api/health/delete-health	d:\OFFICE_PROJECT\ALL_REPOSITORY\PLATFORM_REPO\blocks-monitor\server\Api\Controllers\HealthController.cs	Health.delete-health
blocks-monitor	MonitorController	GET	get-monitor-list	/api/monitor/get-monitor-list	d:\OFFICE_PROJECT\ALL_REPOSITORY\PLATFORM_REPO\blocks-monitor\server\Api\Controllers\MonitorController.cs	Monitor.get-monitor-list
blocks-monitor	MonitorController	GET	get-monitor-list-by-repo-id	/api/monitor/get-monitor-list-by-repo-id	d:\OFFICE_PROJECT\ALL_REPOSITORY\PLATFORM_REPO\blocks-monitor\server\Api\Controllers\MonitorController.cs	Monitor.get-monitor-list-by-repo-id
blocks-monitor	MonitorController	GET	get-monitor-by-id	/api/monitor/get-monitor-by-id	d:\OFFICE_PROJECT\ALL_REPOSITORY\PLATFORM_REPO\blocks-monitor\server\Api\Controllers\MonitorController.cs	Monitor.get-monitor-by-id
blocks-monitor	MonitorController	POST	save-monitor	/api/monitor/save-monitor	d:\OFFICE_PROJECT\ALL_REPOSITORY\PLATFORM_REPO\blocks-monitor\server\Api\Controllers\MonitorController.cs	Monitor.save-monitor
blocks-monitor	MonitorController	POST	update-monitor	/api/monitor/update-monitor	d:\OFFICE_PROJECT\ALL_REPOSITORY\PLATFORM_REPO\blocks-monitor\server\Api\Controllers\MonitorController.cs	Monitor.update-monitor
blocks-monitor	MonitorController	DELETE	delete-monitor	/api/monitor/delete-monitor	d:\OFFICE_PROJECT\ALL_REPOSITORY\PLATFORM_REPO\blocks-monitor\server\Api\Controllers\MonitorController.cs	Monitor.delete-monitor
blocks-monitor	MonitorController	GET	get-incident-list	/api/monitor/get-incident-list	d:\OFFICE_PROJECT\ALL_REPOSITORY\PLATFORM_REPO\blocks-monitor\server\Api\Controllers\MonitorController.cs	Monitor.get-incident-list
blocks-monitor	MonitorController	GET	get-monitor-details	/api/monitor/get-monitor-details	d:\OFFICE_PROJECT\ALL_REPOSITORY\PLATFORM_REPO\blocks-monitor\server\Api\Controllers\MonitorController.cs	Monitor.get-monitor-details
blocks-monitor	MonitorController	GET	get-monitor-response-time	/api/monitor/get-monitor-response-time	d:\OFFICE_PROJECT\ALL_REPOSITORY\PLATFORM_REPO\blocks-monitor\server\Api\Controllers\MonitorController.cs	Monitor.get-monitor-response-time
blocks-monitor	MonitorController	GET	get-monitor-down-time	/api/monitor/get-monitor-down-time	d:\OFFICE_PROJECT\ALL_REPOSITORY\PLATFORM_REPO\blocks-monitor\server\Api\Controllers\MonitorController.cs	Monitor.get-monitor-down-time
blocks-monitor	MonitorController	GET	is-external-service-configured	/api/monitor/is-external-service-configured	d:\OFFICE_PROJECT\ALL_REPOSITORY\PLATFORM_REPO\blocks-monitor\server\Api\Controllers\MonitorController.cs	Monitor.is-external-service-configured
blocks-monitor	MonitorController	GET	get-repos-list/~/api/Monitor/repos-list	/api/monitor/get-repos-list/~/api/Monitor/repos-list	d:\OFFICE_PROJECT\ALL_REPOSITORY\PLATFORM_REPO\blocks-monitor\server\Api\Controllers\MonitorController.cs	Monitor.get-repos-list/~/api/Monitor/repos-list
blocks-os	ApiEndpointConfigController	POST	get-list	/api/api-endpoint-config/get-list	d:\OFFICE_PROJECT\ALL_REPOSITORY\PLATFORM_REPO\blocks-os\server\Api\Controllers\ApiEndpointConfigController.cs	ApiEndpointConfig.get-list
blocks-os	ApiEndpointConfigController	POST	update	/api/api-endpoint-config/update	d:\OFFICE_PROJECT\ALL_REPOSITORY\PLATFORM_REPO\blocks-os\server\Api\Controllers\ApiEndpointConfigController.cs	ApiEndpointConfig.update
blocks-os	ApiEndpointConfigController	POST	bulk-update	/api/api-endpoint-config/bulk-update	d:\OFFICE_PROJECT\ALL_REPOSITORY\PLATFORM_REPO\blocks-os\server\Api\Controllers\ApiEndpointConfigController.cs	ApiEndpointConfig.bulk-update
blocks-os	CaptchaConfigController	POST	save	/api/captcha/save	d:\OFFICE_PROJECT\ALL_REPOSITORY\PLATFORM_REPO\blocks-os\server\Api\Controllers\CaptchaConfigController.cs	CaptchaConfig.save
blocks-os	CaptchaConfigController	GET	get/{id}	/api/captcha/get/{id}	d:\OFFICE_PROJECT\ALL_REPOSITORY\PLATFORM_REPO\blocks-os\server\Api\Controllers\CaptchaConfigController.cs	CaptchaConfig.get/{id}
blocks-os	CaptchaConfigController	GET	list	/api/captcha/list	d:\OFFICE_PROJECT\ALL_REPOSITORY\PLATFORM_REPO\blocks-os\server\Api\Controllers\CaptchaConfigController.cs	CaptchaConfig.list
blocks-os	CaptchaConfigController	DELETE	delete/{id}	/api/captcha/delete/{id}	d:\OFFICE_PROJECT\ALL_REPOSITORY\PLATFORM_REPO\blocks-os\server\Api\Controllers\CaptchaConfigController.cs	CaptchaConfig.delete/{id}
blocks-os	DomainController	POST	configure	/api/domain/configure	d:\OFFICE_PROJECT\ALL_REPOSITORY\PLATFORM_REPO\blocks-os\server\Api\Controllers\DomainController.cs	Domain.configure
blocks-os	LogController	POST	get-logs	/api/log/get-logs	d:\OFFICE_PROJECT\ALL_REPOSITORY\PLATFORM_REPO\blocks-os\server\Api\Controllers\LogController.cs	Log.get-logs
blocks-os	LogController	POST	get-logs-by-date	/api/log/get-logs-by-date	d:\OFFICE_PROJECT\ALL_REPOSITORY\PLATFORM_REPO\blocks-os\server\Api\Controllers\LogController.cs	Log.get-logs-by-date
blocks-os	LogController	GET	live	/api/log/live	d:\OFFICE_PROJECT\ALL_REPOSITORY\PLATFORM_REPO\blocks-os\server\Api\Controllers\LogController.cs	Log.live
blocks-os	LogController	GET	get-blocks-services	/api/log/get-blocks-services	d:\OFFICE_PROJECT\ALL_REPOSITORY\PLATFORM_REPO\blocks-os\server\Api\Controllers\LogController.cs	Log.get-blocks-services
blocks-os	MailController	POST	save	/api/mail/save	d:\OFFICE_PROJECT\ALL_REPOSITORY\PLATFORM_REPO\blocks-os\server\Api\Controllers\MailController.cs	Mail.save
blocks-os	MailController	GET	get	/api/mail/get	d:\OFFICE_PROJECT\ALL_REPOSITORY\PLATFORM_REPO\blocks-os\server\Api\Controllers\MailController.cs	Mail.get
blocks-os	MailController	GET	gets	/api/mail/gets	d:\OFFICE_PROJECT\ALL_REPOSITORY\PLATFORM_REPO\blocks-os\server\Api\Controllers\MailController.cs	Mail.gets
blocks-os	MailController	DELETE	delete	/api/mail/delete	d:\OFFICE_PROJECT\ALL_REPOSITORY\PLATFORM_REPO\blocks-os\server\Api\Controllers\MailController.cs	Mail.delete
blocks-os	MailController	POST	duplicate	/api/mail/duplicate	d:\OFFICE_PROJECT\ALL_REPOSITORY\PLATFORM_REPO\blocks-os\server\Api\Controllers\MailController.cs	Mail.duplicate
blocks-os	MailController	POST	save-template	/api/mail/save-template	d:\OFFICE_PROJECT\ALL_REPOSITORY\PLATFORM_REPO\blocks-os\server\Api\Controllers\MailController.cs	Mail.save-template
blocks-os	MailController	GET	get-template	/api/mail/get-template	d:\OFFICE_PROJECT\ALL_REPOSITORY\PLATFORM_REPO\blocks-os\server\Api\Controllers\MailController.cs	Mail.get-template
blocks-os	MailController	GET	get-templates	/api/mail/get-templates	d:\OFFICE_PROJECT\ALL_REPOSITORY\PLATFORM_REPO\blocks-os\server\Api\Controllers\MailController.cs	Mail.get-templates
blocks-os	MailController	POST	clone-template	/api/mail/clone-template	d:\OFFICE_PROJECT\ALL_REPOSITORY\PLATFORM_REPO\blocks-os\server\Api\Controllers\MailController.cs	Mail.clone-template
blocks-os	MailController	DELETE	delete-template	/api/mail/delete-template	d:\OFFICE_PROJECT\ALL_REPOSITORY\PLATFORM_REPO\blocks-os\server\Api\Controllers\MailController.cs	Mail.delete-template
blocks-os	MailController	GET	load-template-plugin-token	/api/mail/load-template-plugin-token	d:\OFFICE_PROJECT\ALL_REPOSITORY\PLATFORM_REPO\blocks-os\server\Api\Controllers\MailController.cs	Mail.load-template-plugin-token
blocks-os	MailController	GET	get-mail-box-mails	/api/mail/get-mail-box-mails	d:\OFFICE_PROJECT\ALL_REPOSITORY\PLATFORM_REPO\blocks-os\server\Api\Controllers\MailController.cs	Mail.get-mail-box-mails
blocks-os	MailController	GET	get-mail-box-mail	/api/mail/get-mail-box-mail	d:\OFFICE_PROJECT\ALL_REPOSITORY\PLATFORM_REPO\blocks-os\server\Api\Controllers\MailController.cs	Mail.get-mail-box-mail
blocks-os	MigrationController	POST	migrate	/api/migration/migrate	d:\OFFICE_PROJECT\ALL_REPOSITORY\PLATFORM_REPO\blocks-os\server\Api\Controllers\MigrationController.cs	Migration.migrate
blocks-os	MigrationController	POST	verify	/api/migration/verify	d:\OFFICE_PROJECT\ALL_REPOSITORY\PLATFORM_REPO\blocks-os\server\Api\Controllers\MigrationController.cs	Migration.verify
blocks-os	MigrationController	GET	get-migration-status	/api/migration/get-migration-status	d:\OFFICE_PROJECT\ALL_REPOSITORY\PLATFORM_REPO\blocks-os\server\Api\Controllers\MigrationController.cs	Migration.get-migration-status
blocks-os	MigrationController	POST	data-cleanup	/api/migration/data-cleanup	d:\OFFICE_PROJECT\ALL_REPOSITORY\PLATFORM_REPO\blocks-os\server\Api\Controllers\MigrationController.cs	Migration.data-cleanup
blocks-os	NotificationController	POST	save	/api/notification/save	d:\OFFICE_PROJECT\ALL_REPOSITORY\PLATFORM_REPO\blocks-os\server\Api\Controllers\NotificationController.cs	Notification.save
blocks-os	NotificationController	GET	gets	/api/notification/gets	d:\OFFICE_PROJECT\ALL_REPOSITORY\PLATFORM_REPO\blocks-os\server\Api\Controllers\NotificationController.cs	Notification.gets
blocks-os	NotificationController	GET	get	/api/notification/get	d:\OFFICE_PROJECT\ALL_REPOSITORY\PLATFORM_REPO\blocks-os\server\Api\Controllers\NotificationController.cs	Notification.get
blocks-os	NotificationController	DELETE	delete	/api/notification/delete	d:\OFFICE_PROJECT\ALL_REPOSITORY\PLATFORM_REPO\blocks-os\server\Api\Controllers\NotificationController.cs	Notification.delete
blocks-os	PeopleController	POST	invite	/api/people/invite	d:\OFFICE_PROJECT\ALL_REPOSITORY\PLATFORM_REPO\blocks-os\server\Api\Controllers\PeopleController.cs	People.invite
blocks-os	PeopleController	POST	remove-access	/api/people/remove-access	d:\OFFICE_PROJECT\ALL_REPOSITORY\PLATFORM_REPO\blocks-os\server\Api\Controllers\PeopleController.cs	People.remove-access
blocks-os	PeopleController	POST	gets	/api/people/gets	d:\OFFICE_PROJECT\ALL_REPOSITORY\PLATFORM_REPO\blocks-os\server\Api\Controllers\PeopleController.cs	People.gets
blocks-os	PeopleController	POST	resend-invitation	/api/people/resend-invitation	d:\OFFICE_PROJECT\ALL_REPOSITORY\PLATFORM_REPO\blocks-os\server\Api\Controllers\PeopleController.cs	People.resend-invitation
blocks-os	PeopleController	POST	confirm-invitation	/api/people/confirm-invitation	d:\OFFICE_PROJECT\ALL_REPOSITORY\PLATFORM_REPO\blocks-os\server\Api\Controllers\PeopleController.cs	People.confirm-invitation
blocks-os	PeopleController	POST	transfer-owner-ship	/api/people/transfer-owner-ship	d:\OFFICE_PROJECT\ALL_REPOSITORY\PLATFORM_REPO\blocks-os\server\Api\Controllers\PeopleController.cs	People.transfer-owner-ship
blocks-os	ProjectController	POST	create	/api/project/create	d:\OFFICE_PROJECT\ALL_REPOSITORY\PLATFORM_REPO\blocks-os\server\Api\Controllers\ProjectController.cs	Project.create
blocks-os	ProjectController	GET	gets	/api/project/gets	d:\OFFICE_PROJECT\ALL_REPOSITORY\PLATFORM_REPO\blocks-os\server\Api\Controllers\ProjectController.cs	Project.gets
blocks-os	ProjectController	POST	restore	/api/project/restore	d:\OFFICE_PROJECT\ALL_REPOSITORY\PLATFORM_REPO\blocks-os\server\Api\Controllers\ProjectController.cs	Project.restore
blocks-os	ProjectController	GET	get-project-status	/api/project/get-project-status	d:\OFFICE_PROJECT\ALL_REPOSITORY\PLATFORM_REPO\blocks-os\server\Api\Controllers\ProjectController.cs	Project.get-project-status
blocks-os	ProjectController	GET	get	/api/project/get	d:\OFFICE_PROJECT\ALL_REPOSITORY\PLATFORM_REPO\blocks-os\server\Api\Controllers\ProjectController.cs	Project.get
blocks-os	ProjectController	POST	update-project	/api/project/update-project	d:\OFFICE_PROJECT\ALL_REPOSITORY\PLATFORM_REPO\blocks-os\server\Api\Controllers\ProjectController.cs	Project.update-project
blocks-os	ProjectController	POST	update-project-group	/api/project/update-project-group	d:\OFFICE_PROJECT\ALL_REPOSITORY\PLATFORM_REPO\blocks-os\server\Api\Controllers\ProjectController.cs	Project.update-project-group
blocks-os	ProjectController	POST	update-tenant-group	/api/project/update-tenant-group	d:\OFFICE_PROJECT\ALL_REPOSITORY\PLATFORM_REPO\blocks-os\server\Api\Controllers\ProjectController.cs	Project.update-tenant-group
blocks-os	ProjectController	POST	disable	/api/project/disable	d:\OFFICE_PROJECT\ALL_REPOSITORY\PLATFORM_REPO\blocks-os\server\Api\Controllers\ProjectController.cs	Project.disable
blocks-os	ProjectController	GET	get-asset	/api/project/get-asset	d:\OFFICE_PROJECT\ALL_REPOSITORY\PLATFORM_REPO\blocks-os\server\Api\Controllers\ProjectController.cs	Project.get-asset
blocks-os	ProjectController	POST	add-asset	/api/project/add-asset	d:\OFFICE_PROJECT\ALL_REPOSITORY\PLATFORM_REPO\blocks-os\server\Api\Controllers\ProjectController.cs	Project.add-asset
blocks-os	ProjectController	POST	delete-asset	/api/project/delete-asset	d:\OFFICE_PROJECT\ALL_REPOSITORY\PLATFORM_REPO\blocks-os\server\Api\Controllers\ProjectController.cs	Project.delete-asset
blocks-os	ProjectController	POST	update-token-validation-parameters	/api/project/update-token-validation-parameters	d:\OFFICE_PROJECT\ALL_REPOSITORY\PLATFORM_REPO\blocks-os\server\Api\Controllers\ProjectController.cs	Project.update-token-validation-parameters
blocks-os	ProjectController	GET	get-token-validation-parameters	/api/project/get-token-validation-parameters	d:\OFFICE_PROJECT\ALL_REPOSITORY\PLATFORM_REPO\blocks-os\server\Api\Controllers\ProjectController.cs	Project.get-token-validation-parameters
blocks-os	ProjectController	POST	save-third-party-jwt-claims	/api/project/save-third-party-jwt-claims	d:\OFFICE_PROJECT\ALL_REPOSITORY\PLATFORM_REPO\blocks-os\server\Api\Controllers\ProjectController.cs	Project.save-third-party-jwt-claims
blocks-os	ProjectController	GET	get-third-party-jwt-claims	/api/project/get-third-party-jwt-claims	d:\OFFICE_PROJECT\ALL_REPOSITORY\PLATFORM_REPO\blocks-os\server\Api\Controllers\ProjectController.cs	Project.get-third-party-jwt-claims
blocks-os	ReleaseController	GET	is-authorized	/api/release/is-authorized	d:\OFFICE_PROJECT\ALL_REPOSITORY\PLATFORM_REPO\blocks-os\server\Api\Controllers\ReleaseController.cs	Release.is-authorized
blocks-os	ReleaseController	GET	access-token	/api/release/access-token	d:\OFFICE_PROJECT\ALL_REPOSITORY\PLATFORM_REPO\blocks-os\server\Api\Controllers\ReleaseController.cs	Release.access-token
blocks-os	ReleaseController	POST	remove-authorization	/api/release/remove-authorization	d:\OFFICE_PROJECT\ALL_REPOSITORY\PLATFORM_REPO\blocks-os\server\Api\Controllers\ReleaseController.cs	Release.remove-authorization
blocks-os	ReleaseController	DELETE	delete-authorization	/api/release/delete-authorization	d:\OFFICE_PROJECT\ALL_REPOSITORY\PLATFORM_REPO\blocks-os\server\Api\Controllers\ReleaseController.cs	Release.delete-authorization
blocks-os	ReleaseController	GET	get-repos-list	/api/release/get-repos-list	d:\OFFICE_PROJECT\ALL_REPOSITORY\PLATFORM_REPO\blocks-os\server\Api\Controllers\ReleaseController.cs	Release.get-repos-list
blocks-os	ReleaseController	GET	get-user	/api/release/get-user	d:\OFFICE_PROJECT\ALL_REPOSITORY\PLATFORM_REPO\blocks-os\server\Api\Controllers\ReleaseController.cs	Release.get-user
blocks-os	ReleaseController	GET	get-repos	/api/release/get-repos	d:\OFFICE_PROJECT\ALL_REPOSITORY\PLATFORM_REPO\blocks-os\server\Api\Controllers\ReleaseController.cs	Release.get-repos
blocks-os	ReleaseController	GET	get-branches	/api/release/get-branches	d:\OFFICE_PROJECT\ALL_REPOSITORY\PLATFORM_REPO\blocks-os\server\Api\Controllers\ReleaseController.cs	Release.get-branches
blocks-os	ReleaseController	GET	github-branch-exists	/api/release/github-branch-exists	d:\OFFICE_PROJECT\ALL_REPOSITORY\PLATFORM_REPO\blocks-os\server\Api\Controllers\ReleaseController.cs	Release.github-branch-exists
blocks-os	ReleaseController	POST	update-repo-domain	/api/release/update-repo-domain	d:\OFFICE_PROJECT\ALL_REPOSITORY\PLATFORM_REPO\blocks-os\server\Api\Controllers\ReleaseController.cs	Release.update-repo-domain
blocks-os	SecretsController	POST	set	/api/secrets/set	d:\OFFICE_PROJECT\ALL_REPOSITORY\PLATFORM_REPO\blocks-os\server\Api\Controllers\SecretsController.cs	Secrets.set
blocks-os	SecretsController	POST	set-many	/api/secrets/set-many	d:\OFFICE_PROJECT\ALL_REPOSITORY\PLATFORM_REPO\blocks-os\server\Api\Controllers\SecretsController.cs	Secrets.set-many
blocks-os	SecretsController	GET	get	/api/secrets/get	d:\OFFICE_PROJECT\ALL_REPOSITORY\PLATFORM_REPO\blocks-os\server\Api\Controllers\SecretsController.cs	Secrets.get
blocks-os	SecretsController	GET	gets	/api/secrets/gets	d:\OFFICE_PROJECT\ALL_REPOSITORY\PLATFORM_REPO\blocks-os\server\Api\Controllers\SecretsController.cs	Secrets.gets
blocks-os	SecretsController	GET	value	/api/secrets/value	d:\OFFICE_PROJECT\ALL_REPOSITORY\PLATFORM_REPO\blocks-os\server\Api\Controllers\SecretsController.cs	Secrets.value
blocks-os	SecretsController	POST	values	/api/secrets/values	d:\OFFICE_PROJECT\ALL_REPOSITORY\PLATFORM_REPO\blocks-os\server\Api\Controllers\SecretsController.cs	Secrets.values
blocks-os	SecretsController	POST	update	/api/secrets/update	d:\OFFICE_PROJECT\ALL_REPOSITORY\PLATFORM_REPO\blocks-os\server\Api\Controllers\SecretsController.cs	Secrets.update
blocks-os	SecretsController	POST	rotate	/api/secrets/rotate	d:\OFFICE_PROJECT\ALL_REPOSITORY\PLATFORM_REPO\blocks-os\server\Api\Controllers\SecretsController.cs	Secrets.rotate
blocks-os	SecretsController	POST	lock	/api/secrets/lock	d:\OFFICE_PROJECT\ALL_REPOSITORY\PLATFORM_REPO\blocks-os\server\Api\Controllers\SecretsController.cs	Secrets.lock
blocks-os	SecretsController	POST	unlock	/api/secrets/unlock	d:\OFFICE_PROJECT\ALL_REPOSITORY\PLATFORM_REPO\blocks-os\server\Api\Controllers\SecretsController.cs	Secrets.unlock
blocks-os	SecretsController	DELETE	delete	/api/secrets/delete	d:\OFFICE_PROJECT\ALL_REPOSITORY\PLATFORM_REPO\blocks-os\server\Api\Controllers\SecretsController.cs	Secrets.delete
blocks-os	SecretsController	POST	restore	/api/secrets/restore	d:\OFFICE_PROJECT\ALL_REPOSITORY\PLATFORM_REPO\blocks-os\server\Api\Controllers\SecretsController.cs	Secrets.restore
blocks-os	SecretsController	POST	access	/api/secrets/access	d:\OFFICE_PROJECT\ALL_REPOSITORY\PLATFORM_REPO\blocks-os\server\Api\Controllers\SecretsController.cs	Secrets.access
blocks-os	ServiceController	POST	register	/api/service/register	d:\OFFICE_PROJECT\ALL_REPOSITORY\PLATFORM_REPO\blocks-os\server\Api\Controllers\ServiceController.cs	Service.register
blocks-os	ServiceController	POST	get-all	/api/service/get-all	d:\OFFICE_PROJECT\ALL_REPOSITORY\PLATFORM_REPO\blocks-os\server\Api\Controllers\ServiceController.cs	Service.get-all
blocks-os	StorageController	POST	save	/api/storage/save	d:\OFFICE_PROJECT\ALL_REPOSITORY\PLATFORM_REPO\blocks-os\server\Api\Controllers\StorageController.cs	Storage.save
blocks-os	StorageController	GET	gets	/api/storage/gets	d:\OFFICE_PROJECT\ALL_REPOSITORY\PLATFORM_REPO\blocks-os\server\Api\Controllers\StorageController.cs	Storage.gets
blocks-os	StorageController	GET	get	/api/storage/get	d:\OFFICE_PROJECT\ALL_REPOSITORY\PLATFORM_REPO\blocks-os\server\Api\Controllers\StorageController.cs	Storage.get
blocks-os	StorageController	POST	delete	/api/storage/delete	d:\OFFICE_PROJECT\ALL_REPOSITORY\PLATFORM_REPO\blocks-os\server\Api\Controllers\StorageController.cs	Storage.delete
blocks-os	TraceController	POST	get-traces	/api/trace/get-traces	d:\OFFICE_PROJECT\ALL_REPOSITORY\PLATFORM_REPO\blocks-os\server\Api\Controllers\TraceController.cs	Trace.get-traces
blocks-os	TraceController	GET	get-trace	/api/trace/get-trace	d:\OFFICE_PROJECT\ALL_REPOSITORY\PLATFORM_REPO\blocks-os\server\Api\Controllers\TraceController.cs	Trace.get-trace
blocks-os	TraceController	POST	get-operational-analytics	/api/trace/get-operational-analytics	d:\OFFICE_PROJECT\ALL_REPOSITORY\PLATFORM_REPO\blocks-os\server\Api\Controllers\TraceController.cs	Trace.get-operational-analytics
blocks-os	TraceController	POST	get-service-analytics	/api/trace/get-service-analytics	d:\OFFICE_PROJECT\ALL_REPOSITORY\PLATFORM_REPO\blocks-os\server\Api\Controllers\TraceController.cs	Trace.get-service-analytics
blocks-os	TraceController	GET	get-blocks-services	/api/trace/get-blocks-services	d:\OFFICE_PROJECT\ALL_REPOSITORY\PLATFORM_REPO\blocks-os\server\Api\Controllers\TraceController.cs	Trace.get-blocks-services
blocks-os	VersionController	GET	get	/api/version/get	d:\OFFICE_PROJECT\ALL_REPOSITORY\PLATFORM_REPO\blocks-os\server\Api\Controllers\VersionController.cs	Version.get
blocks-studio	AiDescriptionsController	POST	generate-for-table/{tableId}	/api/ai-descriptions/generate-for-table/{tableId}	d:\OFFICE_PROJECT\ALL_REPOSITORY\PLATFORM_REPO\blocks-studio\server\Api\Controllers\AiDescriptionsController.cs	AiDescriptions.generate-for-table/{tableId}
blocks-studio	AiDescriptionsController	POST	generate-for-datasource/{datasourceId}	/api/ai-descriptions/generate-for-datasource/{datasourceId}	d:\OFFICE_PROJECT\ALL_REPOSITORY\PLATFORM_REPO\blocks-studio\server\Api\Controllers\AiDescriptionsController.cs	AiDescriptions.generate-for-datasource/{datasourceId}
blocks-studio	AiDescriptionsController	POST	generate-all-for-datasource/{datasourceId}	/api/ai-descriptions/generate-all-for-datasource/{datasourceId}	d:\OFFICE_PROJECT\ALL_REPOSITORY\PLATFORM_REPO\blocks-studio\server\Api\Controllers\AiDescriptionsController.cs	AiDescriptions.generate-all-for-datasource/{datasourceId}
blocks-studio	ApiEndpointConfigController	POST	get-list	/api/api-endpoint-config/get-list	d:\OFFICE_PROJECT\ALL_REPOSITORY\PLATFORM_REPO\blocks-studio\server\Api\Controllers\ApiEndpointConfigController.cs	ApiEndpointConfig.get-list
blocks-studio	ApiEndpointConfigController	POST	update	/api/api-endpoint-config/update	d:\OFFICE_PROJECT\ALL_REPOSITORY\PLATFORM_REPO\blocks-studio\server\Api\Controllers\ApiEndpointConfigController.cs	ApiEndpointConfig.update
blocks-studio	ApiEndpointConfigController	POST	bulk-update	/api/api-endpoint-config/bulk-update	d:\OFFICE_PROJECT\ALL_REPOSITORY\PLATFORM_REPO\blocks-studio\server\Api\Controllers\ApiEndpointConfigController.cs	ApiEndpointConfig.bulk-update
blocks-studio	AppController	GET	get	/api/app/get	d:\OFFICE_PROJECT\ALL_REPOSITORY\PLATFORM_REPO\blocks-studio\server\Api\Controllers\AppController.cs	App.get
blocks-studio	AppController	POST	save	/api/app/save	d:\OFFICE_PROJECT\ALL_REPOSITORY\PLATFORM_REPO\blocks-studio\server\Api\Controllers\AppController.cs	App.save
blocks-studio	AssistantController	GET	conversations	/api/assistant/conversations	d:\OFFICE_PROJECT\ALL_REPOSITORY\PLATFORM_REPO\blocks-studio\server\Api\Controllers\AssistantController.cs	Assistant.conversations
blocks-studio	AssistantController	GET	conversation/{id}	/api/assistant/conversation/{id}	d:\OFFICE_PROJECT\ALL_REPOSITORY\PLATFORM_REPO\blocks-studio\server\Api\Controllers\AssistantController.cs	Assistant.conversation/{id}
blocks-studio	AssistantController	POST	create-conversation	/api/assistant/create-conversation	d:\OFFICE_PROJECT\ALL_REPOSITORY\PLATFORM_REPO\blocks-studio\server\Api\Controllers\AssistantController.cs	Assistant.create-conversation
blocks-studio	AssistantController	DELETE	delete-conversation/{id}	/api/assistant/delete-conversation/{id}	d:\OFFICE_PROJECT\ALL_REPOSITORY\PLATFORM_REPO\blocks-studio\server\Api\Controllers\AssistantController.cs	Assistant.delete-conversation/{id}
blocks-studio	AssistantController	POST	rename-conversation/{id}	/api/assistant/rename-conversation/{id}	d:\OFFICE_PROJECT\ALL_REPOSITORY\PLATFORM_REPO\blocks-studio\server\Api\Controllers\AssistantController.cs	Assistant.rename-conversation/{id}
blocks-studio	AssistantController	DELETE	delete-all-conversations	/api/assistant/delete-all-conversations	d:\OFFICE_PROJECT\ALL_REPOSITORY\PLATFORM_REPO\blocks-studio\server\Api\Controllers\AssistantController.cs	Assistant.delete-all-conversations
blocks-studio	AssistantController	POST	chat	/api/assistant/chat	d:\OFFICE_PROJECT\ALL_REPOSITORY\PLATFORM_REPO\blocks-studio\server\Api\Controllers\AssistantController.cs	Assistant.chat
blocks-studio	BrowseController	GET	datasource-tables/datasources/{id}/tables	/api/browse/datasource-tables/datasources/{id}/tables	d:\OFFICE_PROJECT\ALL_REPOSITORY\PLATFORM_REPO\blocks-studio\server\Api\Controllers\BrowseController.cs	Browse.datasource-tables/datasources/{id}/tables
blocks-studio	BrowseController	GET	table-fields/tables/{id}/fields	/api/browse/table-fields/tables/{id}/fields	d:\OFFICE_PROJECT\ALL_REPOSITORY\PLATFORM_REPO\blocks-studio\server\Api\Controllers\BrowseController.cs	Browse.table-fields/tables/{id}/fields
blocks-studio	BuildController	POST	trigger	/api/build/trigger	d:\OFFICE_PROJECT\ALL_REPOSITORY\PLATFORM_REPO\blocks-studio\server\Api\Controllers\BuildController.cs	Build.trigger
blocks-studio	BuildController	GET	status	/api/build/status	d:\OFFICE_PROJECT\ALL_REPOSITORY\PLATFORM_REPO\blocks-studio\server\Api\Controllers\BuildController.cs	Build.status
blocks-studio	DashboardsController	GET	list	/api/dashboards/list	d:\OFFICE_PROJECT\ALL_REPOSITORY\PLATFORM_REPO\blocks-studio\server\Api\Controllers\DashboardsController.cs	Dashboards.list
blocks-studio	DashboardsController	GET	get-by-id/{id}	/api/dashboards/get-by-id/{id}	d:\OFFICE_PROJECT\ALL_REPOSITORY\PLATFORM_REPO\blocks-studio\server\Api\Controllers\DashboardsController.cs	Dashboards.get-by-id/{id}
blocks-studio	DashboardsController	POST	create	/api/dashboards/create	d:\OFFICE_PROJECT\ALL_REPOSITORY\PLATFORM_REPO\blocks-studio\server\Api\Controllers\DashboardsController.cs	Dashboards.create
blocks-studio	DashboardsController	PUT	update/{id}	/api/dashboards/update/{id}	d:\OFFICE_PROJECT\ALL_REPOSITORY\PLATFORM_REPO\blocks-studio\server\Api\Controllers\DashboardsController.cs	Dashboards.update/{id}
blocks-studio	DashboardsController	DELETE	delete/{id}	/api/dashboards/delete/{id}	d:\OFFICE_PROJECT\ALL_REPOSITORY\PLATFORM_REPO\blocks-studio\server\Api\Controllers\DashboardsController.cs	Dashboards.delete/{id}
blocks-studio	DashboardsController	POST	add-item/{id}	/api/dashboards/add-item/{id}	d:\OFFICE_PROJECT\ALL_REPOSITORY\PLATFORM_REPO\blocks-studio\server\Api\Controllers\DashboardsController.cs	Dashboards.add-item/{id}
blocks-studio	DashboardsController	PUT	update-item/{id}/{itemId}	/api/dashboards/update-item/{id}/{itemId}	d:\OFFICE_PROJECT\ALL_REPOSITORY\PLATFORM_REPO\blocks-studio\server\Api\Controllers\DashboardsController.cs	Dashboards.update-item/{id}/{itemId}
blocks-studio	DashboardsController	DELETE	remove-item/{id}/{itemId}	/api/dashboards/remove-item/{id}/{itemId}	d:\OFFICE_PROJECT\ALL_REPOSITORY\PLATFORM_REPO\blocks-studio\server\Api\Controllers\DashboardsController.cs	Dashboards.remove-item/{id}/{itemId}
blocks-studio	DashboardsController	POST	add-tab/{id}	/api/dashboards/add-tab/{id}	d:\OFFICE_PROJECT\ALL_REPOSITORY\PLATFORM_REPO\blocks-studio\server\Api\Controllers\DashboardsController.cs	Dashboards.add-tab/{id}
blocks-studio	DashboardsController	PUT	update-tab/{id}/{tabId}	/api/dashboards/update-tab/{id}/{tabId}	d:\OFFICE_PROJECT\ALL_REPOSITORY\PLATFORM_REPO\blocks-studio\server\Api\Controllers\DashboardsController.cs	Dashboards.update-tab/{id}/{tabId}
blocks-studio	DashboardsController	DELETE	remove-tab/{id}/{tabId}	/api/dashboards/remove-tab/{id}/{tabId}	d:\OFFICE_PROJECT\ALL_REPOSITORY\PLATFORM_REPO\blocks-studio\server\Api\Controllers\DashboardsController.cs	Dashboards.remove-tab/{id}/{tabId}
blocks-studio	DashboardsController	POST	reorder-tabs/{id}	/api/dashboards/reorder-tabs/{id}	d:\OFFICE_PROJECT\ALL_REPOSITORY\PLATFORM_REPO\blocks-studio\server\Api\Controllers\DashboardsController.cs	Dashboards.reorder-tabs/{id}
blocks-studio	DashboardsController	PUT	update-parameters/{id}	/api/dashboards/update-parameters/{id}	d:\OFFICE_PROJECT\ALL_REPOSITORY\PLATFORM_REPO\blocks-studio\server\Api\Controllers\DashboardsController.cs	Dashboards.update-parameters/{id}
blocks-studio	DashboardsController	POST	add-parameter/{id}	/api/dashboards/add-parameter/{id}	d:\OFFICE_PROJECT\ALL_REPOSITORY\PLATFORM_REPO\blocks-studio\server\Api\Controllers\DashboardsController.cs	Dashboards.add-parameter/{id}
blocks-studio	DashboardsController	GET	parameter-values/{dashboardId}/{key}	/api/dashboards/parameter-values/{dashboardId}/{key}	d:\OFFICE_PROJECT\ALL_REPOSITORY\PLATFORM_REPO\blocks-studio\server\Api\Controllers\DashboardsController.cs	Dashboards.parameter-values/{dashboardId}/{key}
blocks-studio	DashboardsController	POST	enable-sharing/{id}	/api/dashboards/enable-sharing/{id}	d:\OFFICE_PROJECT\ALL_REPOSITORY\PLATFORM_REPO\blocks-studio\server\Api\Controllers\DashboardsController.cs	Dashboards.enable-sharing/{id}
blocks-studio	DashboardsController	POST	disable-sharing/{id}	/api/dashboards/disable-sharing/{id}	d:\OFFICE_PROJECT\ALL_REPOSITORY\PLATFORM_REPO\blocks-studio\server\Api\Controllers\DashboardsController.cs	Dashboards.disable-sharing/{id}
blocks-studio	DashboardsController	POST	run-item/{id}/{itemId}	/api/dashboards/run-item/{id}/{itemId}	d:\OFFICE_PROJECT\ALL_REPOSITORY\PLATFORM_REPO\blocks-studio\server\Api\Controllers\DashboardsController.cs	Dashboards.run-item/{id}/{itemId}
blocks-studio	DatasourcesController	GET	list	/api/datasources/list	d:\OFFICE_PROJECT\ALL_REPOSITORY\PLATFORM_REPO\blocks-studio\server\Api\Controllers\DatasourcesController.cs	Datasources.list
blocks-studio	DatasourcesController	GET	get-by-id/{id}	/api/datasources/get-by-id/{id}	d:\OFFICE_PROJECT\ALL_REPOSITORY\PLATFORM_REPO\blocks-studio\server\Api\Controllers\DatasourcesController.cs	Datasources.get-by-id/{id}
blocks-studio	DatasourcesController	POST	create	/api/datasources/create	d:\OFFICE_PROJECT\ALL_REPOSITORY\PLATFORM_REPO\blocks-studio\server\Api\Controllers\DatasourcesController.cs	Datasources.create
blocks-studio	DatasourcesController	PUT	update/{id}	/api/datasources/update/{id}	d:\OFFICE_PROJECT\ALL_REPOSITORY\PLATFORM_REPO\blocks-studio\server\Api\Controllers\DatasourcesController.cs	Datasources.update/{id}
blocks-studio	DatasourcesController	DELETE	delete/{id}	/api/datasources/delete/{id}	d:\OFFICE_PROJECT\ALL_REPOSITORY\PLATFORM_REPO\blocks-studio\server\Api\Controllers\DatasourcesController.cs	Datasources.delete/{id}
blocks-studio	DatasourcesController	POST	test-connection/{id}	/api/datasources/test-connection/{id}	d:\OFFICE_PROJECT\ALL_REPOSITORY\PLATFORM_REPO\blocks-studio\server\Api\Controllers\DatasourcesController.cs	Datasources.test-connection/{id}
blocks-studio	DatasourcesController	POST	test-unsaved	/api/datasources/test-unsaved	d:\OFFICE_PROJECT\ALL_REPOSITORY\PLATFORM_REPO\blocks-studio\server\Api\Controllers\DatasourcesController.cs	Datasources.test-unsaved
blocks-studio	DatasourcesController	POST	clone/{id}	/api/datasources/clone/{id}	d:\OFFICE_PROJECT\ALL_REPOSITORY\PLATFORM_REPO\blocks-studio\server\Api\Controllers\DatasourcesController.cs	Datasources.clone/{id}
blocks-studio	DatasourcesController	GET	list-schemas/{id}	/api/datasources/list-schemas/{id}	d:\OFFICE_PROJECT\ALL_REPOSITORY\PLATFORM_REPO\blocks-studio\server\Api\Controllers\DatasourcesController.cs	Datasources.list-schemas/{id}
blocks-studio	DatasourcesController	GET	get-schema/{id}	/api/datasources/get-schema/{id}	d:\OFFICE_PROJECT\ALL_REPOSITORY\PLATFORM_REPO\blocks-studio\server\Api\Controllers\DatasourcesController.cs	Datasources.get-schema/{id}
blocks-studio	DatasourcesController	POST	sync/{id}	/api/datasources/sync/{id}	d:\OFFICE_PROJECT\ALL_REPOSITORY\PLATFORM_REPO\blocks-studio\server\Api\Controllers\DatasourcesController.cs	Datasources.sync/{id}
blocks-studio	DatasourcesController	GET	get-sync-status/{id}	/api/datasources/get-sync-status/{id}	d:\OFFICE_PROJECT\ALL_REPOSITORY\PLATFORM_REPO\blocks-studio\server\Api\Controllers\DatasourcesController.cs	Datasources.get-sync-status/{id}
blocks-studio	DatasourcesController	GET	list-sync-runs/{id}	/api/datasources/list-sync-runs/{id}	d:\OFFICE_PROJECT\ALL_REPOSITORY\PLATFORM_REPO\blocks-studio\server\Api\Controllers\DatasourcesController.cs	Datasources.list-sync-runs/{id}
blocks-studio	DatasourcesController	POST	query/{id}	/api/datasources/query/{id}	d:\OFFICE_PROJECT\ALL_REPOSITORY\PLATFORM_REPO\blocks-studio\server\Api\Controllers\DatasourcesController.cs	Datasources.query/{id}
blocks-studio	DomainController	POST	configure	/api/domain/configure	d:\OFFICE_PROJECT\ALL_REPOSITORY\PLATFORM_REPO\blocks-studio\server\Api\Controllers\DomainController.cs	Domain.configure
blocks-studio	FeatureController	GET	[action]	/api/Feature/[action]	d:\OFFICE_PROJECT\ALL_REPOSITORY\PLATFORM_REPO\blocks-studio\server\Api\Controllers\FeatureController.cs	Feature.[action]
blocks-studio	FeatureController	POST	[action]	/api/Feature/[action]	d:\OFFICE_PROJECT\ALL_REPOSITORY\PLATFORM_REPO\blocks-studio\server\Api\Controllers\FeatureController.cs	Feature.[action]
blocks-studio	FeatureController	POST	[action]	/api/Feature/[action]	d:\OFFICE_PROJECT\ALL_REPOSITORY\PLATFORM_REPO\blocks-studio\server\Api\Controllers\FeatureController.cs	Feature.[action]
blocks-studio	FeatureController	POST	[action]	/api/Feature/[action]	d:\OFFICE_PROJECT\ALL_REPOSITORY\PLATFORM_REPO\blocks-studio\server\Api\Controllers\FeatureController.cs	Feature.[action]
blocks-studio	FeatureController	POST	[action]	/api/Feature/[action]	d:\OFFICE_PROJECT\ALL_REPOSITORY\PLATFORM_REPO\blocks-studio\server\Api\Controllers\FeatureController.cs	Feature.[action]
blocks-studio	FeatureController	GET	Task/Get	/api/Feature/Task/Get	d:\OFFICE_PROJECT\ALL_REPOSITORY\PLATFORM_REPO\blocks-studio\server\Api\Controllers\FeatureController.cs	Feature.Task/Get
blocks-studio	FeatureController	POST	Task/Create	/api/Feature/Task/Create	d:\OFFICE_PROJECT\ALL_REPOSITORY\PLATFORM_REPO\blocks-studio\server\Api\Controllers\FeatureController.cs	Feature.Task/Create
blocks-studio	FeatureController	POST	Task/Update	/api/Feature/Task/Update	d:\OFFICE_PROJECT\ALL_REPOSITORY\PLATFORM_REPO\blocks-studio\server\Api\Controllers\FeatureController.cs	Feature.Task/Update
blocks-studio	FeatureController	POST	Task/Delete	/api/Feature/Task/Delete	d:\OFFICE_PROJECT\ALL_REPOSITORY\PLATFORM_REPO\blocks-studio\server\Api\Controllers\FeatureController.cs	Feature.Task/Delete
blocks-studio	FeatureController	POST	[action]	/api/Feature/[action]	d:\OFFICE_PROJECT\ALL_REPOSITORY\PLATFORM_REPO\blocks-studio\server\Api\Controllers\FeatureController.cs	Feature.[action]
blocks-studio	FeatureController	POST	Task/Implement	/api/Feature/Task/Implement	d:\OFFICE_PROJECT\ALL_REPOSITORY\PLATFORM_REPO\blocks-studio\server\Api\Controllers\FeatureController.cs	Feature.Task/Implement
blocks-studio	FileController	GET	gets	/api/file/gets	d:\OFFICE_PROJECT\ALL_REPOSITORY\PLATFORM_REPO\blocks-studio\server\Api\Controllers\FileController.cs	File.gets
blocks-studio	FileController	GET	get-content	/api/file/get-content	d:\OFFICE_PROJECT\ALL_REPOSITORY\PLATFORM_REPO\blocks-studio\server\Api\Controllers\FileController.cs	File.get-content
blocks-studio	FileController	POST	create	/api/file/create	d:\OFFICE_PROJECT\ALL_REPOSITORY\PLATFORM_REPO\blocks-studio\server\Api\Controllers\FileController.cs	File.create
blocks-studio	FileController	POST	update	/api/file/update	d:\OFFICE_PROJECT\ALL_REPOSITORY\PLATFORM_REPO\blocks-studio\server\Api\Controllers\FileController.cs	File.update
blocks-studio	FileController	POST	save	/api/file/save	d:\OFFICE_PROJECT\ALL_REPOSITORY\PLATFORM_REPO\blocks-studio\server\Api\Controllers\FileController.cs	File.save
blocks-studio	FileController	POST	delete	/api/file/delete	d:\OFFICE_PROJECT\ALL_REPOSITORY\PLATFORM_REPO\blocks-studio\server\Api\Controllers\FileController.cs	File.delete
blocks-studio	FileController	POST	upload	/api/file/upload	d:\OFFICE_PROJECT\ALL_REPOSITORY\PLATFORM_REPO\blocks-studio\server\Api\Controllers\FileController.cs	File.upload
blocks-studio	FileController	POST	reset	/api/file/reset	d:\OFFICE_PROJECT\ALL_REPOSITORY\PLATFORM_REPO\blocks-studio\server\Api\Controllers\FileController.cs	File.reset
blocks-studio	ModelsController	GET	list	/api/models/list	d:\OFFICE_PROJECT\ALL_REPOSITORY\PLATFORM_REPO\blocks-studio\server\Api\Controllers\ModelsController.cs	Models.list
blocks-studio	ModelsController	GET	get-by-id/{id}	/api/models/get-by-id/{id}	d:\OFFICE_PROJECT\ALL_REPOSITORY\PLATFORM_REPO\blocks-studio\server\Api\Controllers\ModelsController.cs	Models.get-by-id/{id}
blocks-studio	ModelsController	POST	create	/api/models/create	d:\OFFICE_PROJECT\ALL_REPOSITORY\PLATFORM_REPO\blocks-studio\server\Api\Controllers\ModelsController.cs	Models.create
blocks-studio	ModelsController	PUT	update/{id}	/api/models/update/{id}	d:\OFFICE_PROJECT\ALL_REPOSITORY\PLATFORM_REPO\blocks-studio\server\Api\Controllers\ModelsController.cs	Models.update/{id}
blocks-studio	ModelsController	DELETE	delete/{id}	/api/models/delete/{id}	d:\OFFICE_PROJECT\ALL_REPOSITORY\PLATFORM_REPO\blocks-studio\server\Api\Controllers\ModelsController.cs	Models.delete/{id}
blocks-studio	ProjectController	POST	create	/api/project/create	d:\OFFICE_PROJECT\ALL_REPOSITORY\PLATFORM_REPO\blocks-studio\server\Api\Controllers\ProjectController.cs	Project.create
blocks-studio	ProjectController	GET	gets	/api/project/gets	d:\OFFICE_PROJECT\ALL_REPOSITORY\PLATFORM_REPO\blocks-studio\server\Api\Controllers\ProjectController.cs	Project.gets
blocks-studio	ProjectController	POST	restore	/api/project/restore	d:\OFFICE_PROJECT\ALL_REPOSITORY\PLATFORM_REPO\blocks-studio\server\Api\Controllers\ProjectController.cs	Project.restore
blocks-studio	ProjectController	GET	get	/api/project/get	d:\OFFICE_PROJECT\ALL_REPOSITORY\PLATFORM_REPO\blocks-studio\server\Api\Controllers\ProjectController.cs	Project.get
blocks-studio	ProjectController	POST	update-project	/api/project/update-project	d:\OFFICE_PROJECT\ALL_REPOSITORY\PLATFORM_REPO\blocks-studio\server\Api\Controllers\ProjectController.cs	Project.update-project
blocks-studio	ProjectController	POST	update-tenant-group	/api/project/update-tenant-group	d:\OFFICE_PROJECT\ALL_REPOSITORY\PLATFORM_REPO\blocks-studio\server\Api\Controllers\ProjectController.cs	Project.update-tenant-group
blocks-studio	ProjectController	POST	disable	/api/project/disable	d:\OFFICE_PROJECT\ALL_REPOSITORY\PLATFORM_REPO\blocks-studio\server\Api\Controllers\ProjectController.cs	Project.disable
blocks-studio	ProjectController	GET	get-asset	/api/project/get-asset	d:\OFFICE_PROJECT\ALL_REPOSITORY\PLATFORM_REPO\blocks-studio\server\Api\Controllers\ProjectController.cs	Project.get-asset
blocks-studio	ProjectController	POST	add-asset	/api/project/add-asset	d:\OFFICE_PROJECT\ALL_REPOSITORY\PLATFORM_REPO\blocks-studio\server\Api\Controllers\ProjectController.cs	Project.add-asset
blocks-studio	ProjectController	POST	update-token-validation-parameters	/api/project/update-token-validation-parameters	d:\OFFICE_PROJECT\ALL_REPOSITORY\PLATFORM_REPO\blocks-studio\server\Api\Controllers\ProjectController.cs	Project.update-token-validation-parameters
blocks-studio	ProjectController	GET	get-token-validation-parameters	/api/project/get-token-validation-parameters	d:\OFFICE_PROJECT\ALL_REPOSITORY\PLATFORM_REPO\blocks-studio\server\Api\Controllers\ProjectController.cs	Project.get-token-validation-parameters
blocks-studio	ProjectController	POST	save-third-party-jwt-claims	/api/project/save-third-party-jwt-claims	d:\OFFICE_PROJECT\ALL_REPOSITORY\PLATFORM_REPO\blocks-studio\server\Api\Controllers\ProjectController.cs	Project.save-third-party-jwt-claims
blocks-studio	ProjectController	GET	get-third-party-jwt-claims	/api/project/get-third-party-jwt-claims	d:\OFFICE_PROJECT\ALL_REPOSITORY\PLATFORM_REPO\blocks-studio\server\Api\Controllers\ProjectController.cs	Project.get-third-party-jwt-claims
blocks-studio	PromptController	POST	execute	/api/prompt/execute	d:\OFFICE_PROJECT\ALL_REPOSITORY\PLATFORM_REPO\blocks-studio\server\Api\Controllers\PromptController.cs	Prompt.execute
blocks-studio	PromptController	POST	stream	/api/prompt/stream	d:\OFFICE_PROJECT\ALL_REPOSITORY\PLATFORM_REPO\blocks-studio\server\Api\Controllers\PromptController.cs	Prompt.stream
blocks-studio	PromptController	GET	status	/api/prompt/status	d:\OFFICE_PROJECT\ALL_REPOSITORY\PLATFORM_REPO\blocks-studio\server\Api\Controllers\PromptController.cs	Prompt.status
blocks-studio	PromptController	GET	sessions	/api/prompt/sessions	d:\OFFICE_PROJECT\ALL_REPOSITORY\PLATFORM_REPO\blocks-studio\server\Api\Controllers\PromptController.cs	Prompt.sessions
blocks-studio	PublicDashboardsController	GET	get-by-token/{shareRef}	/api/public-dashboards/get-by-token/{shareRef}	d:\OFFICE_PROJECT\ALL_REPOSITORY\PLATFORM_REPO\blocks-studio\server\Api\Controllers\PublicDashboardsController.cs	PublicDashboards.get-by-token/{shareRef}
blocks-studio	PublicDashboardsController	POST	run-item/{shareRef}/{itemId}	/api/public-dashboards/run-item/{shareRef}/{itemId}	d:\OFFICE_PROJECT\ALL_REPOSITORY\PLATFORM_REPO\blocks-studio\server\Api\Controllers\PublicDashboardsController.cs	PublicDashboards.run-item/{shareRef}/{itemId}
blocks-studio	PublicQuestionsController	GET	get-by-id/{shareRef}/{questionId}	/api/public-questions/get-by-id/{shareRef}/{questionId}	d:\OFFICE_PROJECT\ALL_REPOSITORY\PLATFORM_REPO\blocks-studio\server\Api\Controllers\PublicQuestionsController.cs	PublicQuestions.get-by-id/{shareRef}/{questionId}
blocks-studio	QuestionsController	GET	list	/api/questions/list	d:\OFFICE_PROJECT\ALL_REPOSITORY\PLATFORM_REPO\blocks-studio\server\Api\Controllers\QuestionsController.cs	Questions.list
blocks-studio	QuestionsController	GET	get-by-id/{id}	/api/questions/get-by-id/{id}	d:\OFFICE_PROJECT\ALL_REPOSITORY\PLATFORM_REPO\blocks-studio\server\Api\Controllers\QuestionsController.cs	Questions.get-by-id/{id}
blocks-studio	QuestionsController	POST	create	/api/questions/create	d:\OFFICE_PROJECT\ALL_REPOSITORY\PLATFORM_REPO\blocks-studio\server\Api\Controllers\QuestionsController.cs	Questions.create
blocks-studio	QuestionsController	PUT	update/{id}	/api/questions/update/{id}	d:\OFFICE_PROJECT\ALL_REPOSITORY\PLATFORM_REPO\blocks-studio\server\Api\Controllers\QuestionsController.cs	Questions.update/{id}
blocks-studio	QuestionsController	DELETE	delete/{id}	/api/questions/delete/{id}	d:\OFFICE_PROJECT\ALL_REPOSITORY\PLATFORM_REPO\blocks-studio\server\Api\Controllers\QuestionsController.cs	Questions.delete/{id}
blocks-studio	QuestionsController	POST	delete-many	/api/questions/delete-many	d:\OFFICE_PROJECT\ALL_REPOSITORY\PLATFORM_REPO\blocks-studio\server\Api\Controllers\QuestionsController.cs	Questions.delete-many
blocks-studio	QuestionsController	POST	validate	/api/questions/validate	d:\OFFICE_PROJECT\ALL_REPOSITORY\PLATFORM_REPO\blocks-studio\server\Api\Controllers\QuestionsController.cs	Questions.validate
blocks-studio	QuestionsController	POST	validate-builder	/api/questions/validate-builder	d:\OFFICE_PROJECT\ALL_REPOSITORY\PLATFORM_REPO\blocks-studio\server\Api\Controllers\QuestionsController.cs	Questions.validate-builder
blocks-studio	QuestionsController	POST	run/{id}	/api/questions/run/{id}	d:\OFFICE_PROJECT\ALL_REPOSITORY\PLATFORM_REPO\blocks-studio\server\Api\Controllers\QuestionsController.cs	Questions.run/{id}
blocks-studio	QuestionsController	POST	run-unsaved	/api/questions/run-unsaved	d:\OFFICE_PROJECT\ALL_REPOSITORY\PLATFORM_REPO\blocks-studio\server\Api\Controllers\QuestionsController.cs	Questions.run-unsaved
blocks-studio	QuestionsController	POST	run-builder	/api/questions/run-builder	d:\OFFICE_PROJECT\ALL_REPOSITORY\PLATFORM_REPO\blocks-studio\server\Api\Controllers\QuestionsController.cs	Questions.run-builder
blocks-studio	QuestionsController	POST	run-builder-by-id/{id}	/api/questions/run-builder-by-id/{id}	d:\OFFICE_PROJECT\ALL_REPOSITORY\PLATFORM_REPO\blocks-studio\server\Api\Controllers\QuestionsController.cs	Questions.run-builder-by-id/{id}
blocks-studio	ReportsController	GET	list	/api/reports/list	d:\OFFICE_PROJECT\ALL_REPOSITORY\PLATFORM_REPO\blocks-studio\server\Api\Controllers\ReportsController.cs	Reports.list
blocks-studio	ReportsController	GET	get-by-id/{id}	/api/reports/get-by-id/{id}	d:\OFFICE_PROJECT\ALL_REPOSITORY\PLATFORM_REPO\blocks-studio\server\Api\Controllers\ReportsController.cs	Reports.get-by-id/{id}
blocks-studio	ReportsController	POST	create	/api/reports/create	d:\OFFICE_PROJECT\ALL_REPOSITORY\PLATFORM_REPO\blocks-studio\server\Api\Controllers\ReportsController.cs	Reports.create
blocks-studio	ReportsController	PUT	update/{id}	/api/reports/update/{id}	d:\OFFICE_PROJECT\ALL_REPOSITORY\PLATFORM_REPO\blocks-studio\server\Api\Controllers\ReportsController.cs	Reports.update/{id}
blocks-studio	ReportsController	DELETE	delete/{id}	/api/reports/delete/{id}	d:\OFFICE_PROJECT\ALL_REPOSITORY\PLATFORM_REPO\blocks-studio\server\Api\Controllers\ReportsController.cs	Reports.delete/{id}
blocks-studio	ReportsController	PUT	update-section/{id}/{sectionId}	/api/reports/update-section/{id}/{sectionId}	d:\OFFICE_PROJECT\ALL_REPOSITORY\PLATFORM_REPO\blocks-studio\server\Api\Controllers\ReportsController.cs	Reports.update-section/{id}/{sectionId}
blocks-studio	ServiceController	POST	register	/api/service/register	d:\OFFICE_PROJECT\ALL_REPOSITORY\PLATFORM_REPO\blocks-studio\server\Api\Controllers\ServiceController.cs	Service.register
blocks-studio	ServiceController	POST	get-all	/api/service/get-all	d:\OFFICE_PROJECT\ALL_REPOSITORY\PLATFORM_REPO\blocks-studio\server\Api\Controllers\ServiceController.cs	Service.get-all
blocks-studio	SkillsController	GET	list	/api/skills/list	d:\OFFICE_PROJECT\ALL_REPOSITORY\PLATFORM_REPO\blocks-studio\server\Api\Controllers\SkillsController.cs	Skills.list
blocks-studio	SkillsController	GET	get-by-id/{id}	/api/skills/get-by-id/{id}	d:\OFFICE_PROJECT\ALL_REPOSITORY\PLATFORM_REPO\blocks-studio\server\Api\Controllers\SkillsController.cs	Skills.get-by-id/{id}
blocks-studio	SkillsController	POST	create	/api/skills/create	d:\OFFICE_PROJECT\ALL_REPOSITORY\PLATFORM_REPO\blocks-studio\server\Api\Controllers\SkillsController.cs	Skills.create
blocks-studio	SkillsController	PUT	update/{id}	/api/skills/update/{id}	d:\OFFICE_PROJECT\ALL_REPOSITORY\PLATFORM_REPO\blocks-studio\server\Api\Controllers\SkillsController.cs	Skills.update/{id}
blocks-studio	SkillsController	DELETE	delete/{id}	/api/skills/delete/{id}	d:\OFFICE_PROJECT\ALL_REPOSITORY\PLATFORM_REPO\blocks-studio\server\Api\Controllers\SkillsController.cs	Skills.delete/{id}
blocks-studio	SkillsController	PUT	set-enabled/{id}/enabled	/api/skills/set-enabled/{id}/enabled	d:\OFFICE_PROJECT\ALL_REPOSITORY\PLATFORM_REPO\blocks-studio\server\Api\Controllers\SkillsController.cs	Skills.set-enabled/{id}/enabled
blocks-studio	SubscriptionController	GET	gets	/api/subscription/gets	d:\OFFICE_PROJECT\ALL_REPOSITORY\PLATFORM_REPO\blocks-studio\server\Api\Controllers\SubscriptionController.cs	Subscription.gets
blocks-studio	TablesController	GET	list	/api/tables/list	d:\OFFICE_PROJECT\ALL_REPOSITORY\PLATFORM_REPO\blocks-studio\server\Api\Controllers\TablesController.cs	Tables.list
blocks-studio	TablesController	GET	get-by-id/{id}	/api/tables/get-by-id/{id}	d:\OFFICE_PROJECT\ALL_REPOSITORY\PLATFORM_REPO\blocks-studio\server\Api\Controllers\TablesController.cs	Tables.get-by-id/{id}
blocks-studio	TablesController	POST	search	/api/tables/search	d:\OFFICE_PROJECT\ALL_REPOSITORY\PLATFORM_REPO\blocks-studio\server\Api\Controllers\TablesController.cs	Tables.search
blocks-studio	TablesController	POST	request-sync/{id}/sync	/api/tables/request-sync/{id}/sync	d:\OFFICE_PROJECT\ALL_REPOSITORY\PLATFORM_REPO\blocks-studio\server\Api\Controllers\TablesController.cs	Tables.request-sync/{id}/sync
blocks-studio	TablesController	PUT	update-description/{id}	/api/tables/update-description/{id}	d:\OFFICE_PROJECT\ALL_REPOSITORY\PLATFORM_REPO\blocks-studio\server\Api\Controllers\TablesController.cs	Tables.update-description/{id}
blocks-studio	TablesController	PUT	update-field-description/{id}	/api/tables/update-field-description/{id}	d:\OFFICE_PROJECT\ALL_REPOSITORY\PLATFORM_REPO\blocks-studio\server\Api\Controllers\TablesController.cs	Tables.update-field-description/{id}
blocks-studio	TablesController	GET	distinct-values/{tableId}	/api/tables/distinct-values/{tableId}	d:\OFFICE_PROJECT\ALL_REPOSITORY\PLATFORM_REPO\blocks-studio\server\Api\Controllers\TablesController.cs	Tables.distinct-values/{tableId}
blocks-studio	TraceController	POST	get-traces	/api/trace/get-traces	d:\OFFICE_PROJECT\ALL_REPOSITORY\PLATFORM_REPO\blocks-studio\server\Api\Controllers\TraceController.cs	Trace.get-traces
blocks-studio	TraceController	GET	get-trace	/api/trace/get-trace	d:\OFFICE_PROJECT\ALL_REPOSITORY\PLATFORM_REPO\blocks-studio\server\Api\Controllers\TraceController.cs	Trace.get-trace
blocks-studio	TraceController	POST	get-operational-analytics	/api/trace/get-operational-analytics	d:\OFFICE_PROJECT\ALL_REPOSITORY\PLATFORM_REPO\blocks-studio\server\Api\Controllers\TraceController.cs	Trace.get-operational-analytics
blocks-studio	TraceController	POST	get-service-analytics	/api/trace/get-service-analytics	d:\OFFICE_PROJECT\ALL_REPOSITORY\PLATFORM_REPO\blocks-studio\server\Api\Controllers\TraceController.cs	Trace.get-service-analytics
blocks-logic	DeploymentController	GET	is-authorized	/api/deployment/is-authorized	d:\OFFICE_PROJECT\ALL_REPOSITORY\PLATFORM_REPO\blocks-logic\server\Api\Controllers\DeploymentController.cs	Deployment.is-authorized
blocks-logic	DeploymentController	GET	access-token	/api/deployment/access-token	d:\OFFICE_PROJECT\ALL_REPOSITORY\PLATFORM_REPO\blocks-logic\server\Api\Controllers\DeploymentController.cs	Deployment.access-token
blocks-logic	DeploymentController	POST	remove-authorization	/api/deployment/remove-authorization	d:\OFFICE_PROJECT\ALL_REPOSITORY\PLATFORM_REPO\blocks-logic\server\Api\Controllers\DeploymentController.cs	Deployment.remove-authorization
blocks-logic	DeploymentController	DELETE	delete-authorization	/api/deployment/delete-authorization	d:\OFFICE_PROJECT\ALL_REPOSITORY\PLATFORM_REPO\blocks-logic\server\Api\Controllers\DeploymentController.cs	Deployment.delete-authorization
blocks-logic	DeploymentController	GET	get-repos-list	/api/deployment/get-repos-list	d:\OFFICE_PROJECT\ALL_REPOSITORY\PLATFORM_REPO\blocks-logic\server\Api\Controllers\DeploymentController.cs	Deployment.get-repos-list
blocks-logic	DeploymentController	GET	get-user	/api/deployment/get-user	d:\OFFICE_PROJECT\ALL_REPOSITORY\PLATFORM_REPO\blocks-logic\server\Api\Controllers\DeploymentController.cs	Deployment.get-user
blocks-logic	DeploymentController	GET	get-repos	/api/deployment/get-repos	d:\OFFICE_PROJECT\ALL_REPOSITORY\PLATFORM_REPO\blocks-logic\server\Api\Controllers\DeploymentController.cs	Deployment.get-repos
blocks-logic	DeploymentController	GET	get-branches	/api/deployment/get-branches	d:\OFFICE_PROJECT\ALL_REPOSITORY\PLATFORM_REPO\blocks-logic\server\Api\Controllers\DeploymentController.cs	Deployment.get-branches
blocks-logic	DeploymentController	GET	github-branch-exists	/api/deployment/github-branch-exists	d:\OFFICE_PROJECT\ALL_REPOSITORY\PLATFORM_REPO\blocks-logic\server\Api\Controllers\DeploymentController.cs	Deployment.github-branch-exists
blocks-logic	DeploymentController	POST	update-repo-domain	/api/deployment/update-repo-domain	d:\OFFICE_PROJECT\ALL_REPOSITORY\PLATFORM_REPO\blocks-logic\server\Api\Controllers\DeploymentController.cs	Deployment.update-repo-domain
blocks-logic	HealthController	POST	save-health	/api/health/save-health	d:\OFFICE_PROJECT\ALL_REPOSITORY\PLATFORM_REPO\blocks-logic\server\Api\Controllers\HealthController.cs	Health.save-health
blocks-logic	HealthController	POST	update-health	/api/health/update-health	d:\OFFICE_PROJECT\ALL_REPOSITORY\PLATFORM_REPO\blocks-logic\server\Api\Controllers\HealthController.cs	Health.update-health
blocks-logic	HealthController	GET	ping/{itemId}	/api/health/ping/{itemId}	d:\OFFICE_PROJECT\ALL_REPOSITORY\PLATFORM_REPO\blocks-logic\server\Api\Controllers\HealthController.cs	Health.ping/{itemId}
blocks-logic	HealthController	DELETE	delete-health	/api/health/delete-health	d:\OFFICE_PROJECT\ALL_REPOSITORY\PLATFORM_REPO\blocks-logic\server\Api\Controllers\HealthController.cs	Health.delete-health
blocks-logic	LanguageController	GET	gets	/api/language/gets	d:\OFFICE_PROJECT\ALL_REPOSITORY\PLATFORM_REPO\blocks-logic\server\Api\Controllers\LanguageController.cs	Language.gets
blocks-logic	MailController	POST	save	/api/mail/save	d:\OFFICE_PROJECT\ALL_REPOSITORY\PLATFORM_REPO\blocks-logic\server\Api\Controllers\MailController.cs	Mail.save
blocks-logic	MailController	GET	get	/api/mail/get	d:\OFFICE_PROJECT\ALL_REPOSITORY\PLATFORM_REPO\blocks-logic\server\Api\Controllers\MailController.cs	Mail.get
blocks-logic	MailController	GET	gets	/api/mail/gets	d:\OFFICE_PROJECT\ALL_REPOSITORY\PLATFORM_REPO\blocks-logic\server\Api\Controllers\MailController.cs	Mail.gets
blocks-logic	MailController	DELETE	delete	/api/mail/delete	d:\OFFICE_PROJECT\ALL_REPOSITORY\PLATFORM_REPO\blocks-logic\server\Api\Controllers\MailController.cs	Mail.delete
blocks-logic	MailController	POST	duplicate	/api/mail/duplicate	d:\OFFICE_PROJECT\ALL_REPOSITORY\PLATFORM_REPO\blocks-logic\server\Api\Controllers\MailController.cs	Mail.duplicate
blocks-logic	MailController	POST	send-to-any	/api/mail/send-to-any	d:\OFFICE_PROJECT\ALL_REPOSITORY\PLATFORM_REPO\blocks-logic\server\Api\Controllers\MailController.cs	Mail.send-to-any
blocks-logic	MailController	POST	send	/api/mail/send	d:\OFFICE_PROJECT\ALL_REPOSITORY\PLATFORM_REPO\blocks-logic\server\Api\Controllers\MailController.cs	Mail.send
blocks-logic	MailController	GET	get-mail-box-mails	/api/mail/get-mail-box-mails	d:\OFFICE_PROJECT\ALL_REPOSITORY\PLATFORM_REPO\blocks-logic\server\Api\Controllers\MailController.cs	Mail.get-mail-box-mails
blocks-logic	MailController	GET	get-mail-box-mail	/api/mail/get-mail-box-mail	d:\OFFICE_PROJECT\ALL_REPOSITORY\PLATFORM_REPO\blocks-logic\server\Api\Controllers\MailController.cs	Mail.get-mail-box-mail
blocks-logic	MonitorController	GET	get-monitor-list	/api/monitor/get-monitor-list	d:\OFFICE_PROJECT\ALL_REPOSITORY\PLATFORM_REPO\blocks-logic\server\Api\Controllers\MonitorController.cs	Monitor.get-monitor-list
blocks-logic	MonitorController	GET	get-monitor-list-by-repo-id	/api/monitor/get-monitor-list-by-repo-id	d:\OFFICE_PROJECT\ALL_REPOSITORY\PLATFORM_REPO\blocks-logic\server\Api\Controllers\MonitorController.cs	Monitor.get-monitor-list-by-repo-id
blocks-logic	MonitorController	GET	get-monitor-by-id	/api/monitor/get-monitor-by-id	d:\OFFICE_PROJECT\ALL_REPOSITORY\PLATFORM_REPO\blocks-logic\server\Api\Controllers\MonitorController.cs	Monitor.get-monitor-by-id
blocks-logic	MonitorController	POST	save-monitor	/api/monitor/save-monitor	d:\OFFICE_PROJECT\ALL_REPOSITORY\PLATFORM_REPO\blocks-logic\server\Api\Controllers\MonitorController.cs	Monitor.save-monitor
blocks-logic	MonitorController	POST	update-monitor	/api/monitor/update-monitor	d:\OFFICE_PROJECT\ALL_REPOSITORY\PLATFORM_REPO\blocks-logic\server\Api\Controllers\MonitorController.cs	Monitor.update-monitor
blocks-logic	MonitorController	DELETE	delete-monitor	/api/monitor/delete-monitor	d:\OFFICE_PROJECT\ALL_REPOSITORY\PLATFORM_REPO\blocks-logic\server\Api\Controllers\MonitorController.cs	Monitor.delete-monitor
blocks-logic	MonitorController	GET	get-incident-list	/api/monitor/get-incident-list	d:\OFFICE_PROJECT\ALL_REPOSITORY\PLATFORM_REPO\blocks-logic\server\Api\Controllers\MonitorController.cs	Monitor.get-incident-list
blocks-logic	MonitorController	GET	get-monitor-details	/api/monitor/get-monitor-details	d:\OFFICE_PROJECT\ALL_REPOSITORY\PLATFORM_REPO\blocks-logic\server\Api\Controllers\MonitorController.cs	Monitor.get-monitor-details
blocks-logic	MonitorController	GET	get-monitor-response-time	/api/monitor/get-monitor-response-time	d:\OFFICE_PROJECT\ALL_REPOSITORY\PLATFORM_REPO\blocks-logic\server\Api\Controllers\MonitorController.cs	Monitor.get-monitor-response-time
blocks-logic	MonitorController	GET	get-monitor-down-time	/api/monitor/get-monitor-down-time	d:\OFFICE_PROJECT\ALL_REPOSITORY\PLATFORM_REPO\blocks-logic\server\Api\Controllers\MonitorController.cs	Monitor.get-monitor-down-time
blocks-logic	MonitorController	GET	is-external-service-configured	/api/monitor/is-external-service-configured	d:\OFFICE_PROJECT\ALL_REPOSITORY\PLATFORM_REPO\blocks-logic\server\Api\Controllers\MonitorController.cs	Monitor.is-external-service-configured
blocks-logic	NotificationController	GET	gets	/api/notification/gets	d:\OFFICE_PROJECT\ALL_REPOSITORY\PLATFORM_REPO\blocks-logic\server\Api\Controllers\NotificationController.cs	Notification.gets
blocks-logic	NotificationController	GET	get	/api/notification/get	d:\OFFICE_PROJECT\ALL_REPOSITORY\PLATFORM_REPO\blocks-logic\server\Api\Controllers\NotificationController.cs	Notification.get
blocks-logic	PeopleController	POST	gets	/api/people/gets	d:\OFFICE_PROJECT\ALL_REPOSITORY\PLATFORM_REPO\blocks-logic\server\Api\Controllers\PeopleController.cs	People.gets
blocks-logic	ProjectController	GET	gets	/api/project/gets	d:\OFFICE_PROJECT\ALL_REPOSITORY\PLATFORM_REPO\blocks-logic\server\Api\Controllers\ProjectController.cs	Project.gets
blocks-logic	ProjectController	GET	get	/api/project/get	d:\OFFICE_PROJECT\ALL_REPOSITORY\PLATFORM_REPO\blocks-logic\server\Api\Controllers\ProjectController.cs	Project.get
blocks-logic	SchedulerController	POST	create-schedule	/api/scheduler/create-schedule	d:\OFFICE_PROJECT\ALL_REPOSITORY\PLATFORM_REPO\blocks-logic\server\Api\Controllers\SchedulerController.cs	Scheduler.create-schedule
blocks-logic	SchedulerController	POST	update-schedule	/api/scheduler/update-schedule	d:\OFFICE_PROJECT\ALL_REPOSITORY\PLATFORM_REPO\blocks-logic\server\Api\Controllers\SchedulerController.cs	Scheduler.update-schedule
blocks-logic	SchedulerController	POST	delete-schedule	/api/scheduler/delete-schedule	d:\OFFICE_PROJECT\ALL_REPOSITORY\PLATFORM_REPO\blocks-logic\server\Api\Controllers\SchedulerController.cs	Scheduler.delete-schedule
blocks-logic	SchedulerController	POST	get-schedules	/api/scheduler/get-schedules	d:\OFFICE_PROJECT\ALL_REPOSITORY\PLATFORM_REPO\blocks-logic\server\Api\Controllers\SchedulerController.cs	Scheduler.get-schedules
blocks-logic	ServiceController	POST	get-all	/api/service/get-all	d:\OFFICE_PROJECT\ALL_REPOSITORY\PLATFORM_REPO\blocks-logic\server\Api\Controllers\ServiceController.cs	Service.get-all
blocks-logic	StorageController	POST	save	/api/storage/save	d:\OFFICE_PROJECT\ALL_REPOSITORY\PLATFORM_REPO\blocks-logic\server\Api\Controllers\StorageController.cs	Storage.save
blocks-logic	StorageController	GET	gets	/api/storage/gets	d:\OFFICE_PROJECT\ALL_REPOSITORY\PLATFORM_REPO\blocks-logic\server\Api\Controllers\StorageController.cs	Storage.gets
blocks-logic	StorageController	GET	get	/api/storage/get	d:\OFFICE_PROJECT\ALL_REPOSITORY\PLATFORM_REPO\blocks-logic\server\Api\Controllers\StorageController.cs	Storage.get
blocks-logic	StorageController	POST	delete	/api/storage/delete	d:\OFFICE_PROJECT\ALL_REPOSITORY\PLATFORM_REPO\blocks-logic\server\Api\Controllers\StorageController.cs	Storage.delete
blocks-logic	StorageController	POST	get-pre-signed-url-for-upload	/api/storage/get-pre-signed-url-for-upload	d:\OFFICE_PROJECT\ALL_REPOSITORY\PLATFORM_REPO\blocks-logic\server\Api\Controllers\StorageController.cs	Storage.get-pre-signed-url-for-upload
blocks-logic	StorageController	GET	get-file	/api/storage/get-file	d:\OFFICE_PROJECT\ALL_REPOSITORY\PLATFORM_REPO\blocks-logic\server\Api\Controllers\StorageController.cs	Storage.get-file
blocks-logic	StorageController	POST	get-files	/api/storage/get-files	d:\OFFICE_PROJECT\ALL_REPOSITORY\PLATFORM_REPO\blocks-logic\server\Api\Controllers\StorageController.cs	Storage.get-files
blocks-logic	StorageController	POST	delete-file	/api/storage/delete-file	d:\OFFICE_PROJECT\ALL_REPOSITORY\PLATFORM_REPO\blocks-logic\server\Api\Controllers\StorageController.cs	Storage.delete-file
blocks-logic	WorkflowController	POST	get-all	/api/workflow/get-all	d:\OFFICE_PROJECT\ALL_REPOSITORY\PLATFORM_REPO\blocks-logic\server\Api\Controllers\WorkflowController.cs	Workflow.get-all
blocks-logic	WorkflowController	GET	get	/api/workflow/get	d:\OFFICE_PROJECT\ALL_REPOSITORY\PLATFORM_REPO\blocks-logic\server\Api\Controllers\WorkflowController.cs	Workflow.get
blocks-logic	WorkflowController	POST	create	/api/workflow/create	d:\OFFICE_PROJECT\ALL_REPOSITORY\PLATFORM_REPO\blocks-logic\server\Api\Controllers\WorkflowController.cs	Workflow.create
blocks-logic	WorkflowController	POST	duplicate	/api/workflow/duplicate	d:\OFFICE_PROJECT\ALL_REPOSITORY\PLATFORM_REPO\blocks-logic\server\Api\Controllers\WorkflowController.cs	Workflow.duplicate
blocks-logic	WorkflowController	PUT	update	/api/workflow/update	d:\OFFICE_PROJECT\ALL_REPOSITORY\PLATFORM_REPO\blocks-logic\server\Api\Controllers\WorkflowController.cs	Workflow.update
blocks-logic	WorkflowController	DELETE	delete	/api/workflow/delete	d:\OFFICE_PROJECT\ALL_REPOSITORY\PLATFORM_REPO\blocks-logic\server\Api\Controllers\WorkflowController.cs	Workflow.delete
blocks-logic	WorkflowController	POST	create-version	/api/workflow/create-version	d:\OFFICE_PROJECT\ALL_REPOSITORY\PLATFORM_REPO\blocks-logic\server\Api\Controllers\WorkflowController.cs	Workflow.create-version
blocks-logic	WorkflowController	POST	update-version	/api/workflow/update-version	d:\OFFICE_PROJECT\ALL_REPOSITORY\PLATFORM_REPO\blocks-logic\server\Api\Controllers\WorkflowController.cs	Workflow.update-version
blocks-logic	WorkflowController	POST	get-versions	/api/workflow/get-versions	d:\OFFICE_PROJECT\ALL_REPOSITORY\PLATFORM_REPO\blocks-logic\server\Api\Controllers\WorkflowController.cs	Workflow.get-versions
blocks-logic	WorkflowController	POST	get-workflow-by-version	/api/workflow/get-workflow-by-version	d:\OFFICE_PROJECT\ALL_REPOSITORY\PLATFORM_REPO\blocks-logic\server\Api\Controllers\WorkflowController.cs	Workflow.get-workflow-by-version
blocks-logic	WorkflowController	POST	publish-new-version	/api/workflow/publish-new-version	d:\OFFICE_PROJECT\ALL_REPOSITORY\PLATFORM_REPO\blocks-logic\server\Api\Controllers\WorkflowController.cs	Workflow.publish-new-version
blocks-logic	WorkflowController	POST	publish-version	/api/workflow/publish-version	d:\OFFICE_PROJECT\ALL_REPOSITORY\PLATFORM_REPO\blocks-logic\server\Api\Controllers\WorkflowController.cs	Workflow.publish-version
blocks-logic	WorkflowController	POST	unpublish	/api/workflow/unpublish	d:\OFFICE_PROJECT\ALL_REPOSITORY\PLATFORM_REPO\blocks-logic\server\Api\Controllers\WorkflowController.cs	Workflow.unpublish
blocks-logic	WorkflowController	POST	restore	/api/workflow/restore	d:\OFFICE_PROJECT\ALL_REPOSITORY\PLATFORM_REPO\blocks-logic\server\Api\Controllers\WorkflowController.cs	Workflow.restore
blocks-logic	WorkflowController	POST	webhook/{projectKey}/{workflowId}/{webhookId}	/api/workflow/webhook/{projectKey}/{workflowId}/{webhookId}	d:\OFFICE_PROJECT\ALL_REPOSITORY\PLATFORM_REPO\blocks-logic\server\Api\Controllers\WorkflowController.cs	Workflow.webhook/{projectKey}/{workflowId}/{webhookId}
blocks-logic	WorkflowController	POST	test-webhook/{projectKey}/{workflowId}/{webhookId}	/api/workflow/test-webhook/{projectKey}/{workflowId}/{webhookId}	d:\OFFICE_PROJECT\ALL_REPOSITORY\PLATFORM_REPO\blocks-logic\server\Api\Controllers\WorkflowController.cs	Workflow.test-webhook/{projectKey}/{workflowId}/{webhookId}
blocks-logic	WorkflowController	POST	step-execute	/api/workflow/step-execute	d:\OFFICE_PROJECT\ALL_REPOSITORY\PLATFORM_REPO\blocks-logic\server\Api\Controllers\WorkflowController.cs	Workflow.step-execute
blocks-logic	WorkflowController	POST	trigger-listener	/api/workflow/trigger-listener	d:\OFFICE_PROJECT\ALL_REPOSITORY\PLATFORM_REPO\blocks-logic\server\Api\Controllers\WorkflowController.cs	Workflow.trigger-listener
blocks-logic	WorkflowController	GET	get-executions	/api/workflow/get-executions	d:\OFFICE_PROJECT\ALL_REPOSITORY\PLATFORM_REPO\blocks-logic\server\Api\Controllers\WorkflowController.cs	Workflow.get-executions
blocks-logic	WorkflowController	GET	get-execution	/api/workflow/get-execution	d:\OFFICE_PROJECT\ALL_REPOSITORY\PLATFORM_REPO\blocks-logic\server\Api\Controllers\WorkflowController.cs	Workflow.get-execution
blocks-logic	WorkflowController	GET	last-successfull-execution	/api/workflow/last-successfull-execution	d:\OFFICE_PROJECT\ALL_REPOSITORY\PLATFORM_REPO\blocks-logic\server\Api\Controllers\WorkflowController.cs	Workflow.last-successfull-execution
blocks-release	AnalyticsToolController	GET	process-dependency-track-user	/api/analytics-tool/process-dependency-track-user	d:\OFFICE_PROJECT\ALL_REPOSITORY\PLATFORM_REPO\blocks-release\server\Api\Controllers\AnalyticsToolController.cs	AnalyticsTool.process-dependency-track-user
blocks-release	AnalyticsToolController	GET	process-sonar-qube-user	/api/analytics-tool/process-sonar-qube-user	d:\OFFICE_PROJECT\ALL_REPOSITORY\PLATFORM_REPO\blocks-release\server\Api\Controllers\AnalyticsToolController.cs	AnalyticsTool.process-sonar-qube-user
blocks-release	AuthController	GET	is-authorized	/api/auth/is-authorized	d:\OFFICE_PROJECT\ALL_REPOSITORY\PLATFORM_REPO\blocks-release\server\Api\Controllers\AuthController.cs	Auth.is-authorized
blocks-release	AuthController	GET	access-token	/api/auth/access-token	d:\OFFICE_PROJECT\ALL_REPOSITORY\PLATFORM_REPO\blocks-release\server\Api\Controllers\AuthController.cs	Auth.access-token
blocks-release	AuthController	POST	remove-authorization	/api/auth/remove-authorization	d:\OFFICE_PROJECT\ALL_REPOSITORY\PLATFORM_REPO\blocks-release\server\Api\Controllers\AuthController.cs	Auth.remove-authorization
blocks-release	AuthController	DELETE	delete-authorization	/api/auth/delete-authorization	d:\OFFICE_PROJECT\ALL_REPOSITORY\PLATFORM_REPO\blocks-release\server\Api\Controllers\AuthController.cs	Auth.delete-authorization
blocks-release	AuthController	GET	test-ping	/api/auth/test-ping	d:\OFFICE_PROJECT\ALL_REPOSITORY\PLATFORM_REPO\blocks-release\server\Api\Controllers\AuthController.cs	Auth.test-ping
blocks-release	BuildController	GET	get-by-id	/api/build/get-by-id	d:\OFFICE_PROJECT\ALL_REPOSITORY\PLATFORM_REPO\blocks-release\server\Api\Controllers\BuildController.cs	Build.get-by-id
blocks-release	BuildController	GET	repos-list	/api/build/repos-list	d:\OFFICE_PROJECT\ALL_REPOSITORY\PLATFORM_REPO\blocks-release\server\Api\Controllers\BuildController.cs	Build.repos-list
blocks-release	BuildController	GET	repo-details	/api/build/repo-details	d:\OFFICE_PROJECT\ALL_REPOSITORY\PLATFORM_REPO\blocks-release\server\Api\Controllers\BuildController.cs	Build.repo-details
blocks-release	BuildController	POST	repo-update	/api/build/repo-update	d:\OFFICE_PROJECT\ALL_REPOSITORY\PLATFORM_REPO\blocks-release\server\Api\Controllers\BuildController.cs	Build.repo-update
blocks-release	BuildController	POST	run-build	/api/build/run-build	d:\OFFICE_PROJECT\ALL_REPOSITORY\PLATFORM_REPO\blocks-release\server\Api\Controllers\BuildController.cs	Build.run-build
blocks-release	BuildController	POST	manual	/api/build/manual	d:\OFFICE_PROJECT\ALL_REPOSITORY\PLATFORM_REPO\blocks-release\server\Api\Controllers\BuildController.cs	Build.manual
blocks-release	BuildController	POST	repo-settings-update	/api/build/repo-settings-update	d:\OFFICE_PROJECT\ALL_REPOSITORY\PLATFORM_REPO\blocks-release\server\Api\Controllers\BuildController.cs	Build.repo-settings-update
blocks-release	BuildController	GET	settings	/api/build/settings	d:\OFFICE_PROJECT\ALL_REPOSITORY\PLATFORM_REPO\blocks-release\server\Api\Controllers\BuildController.cs	Build.settings
blocks-release	BuildController	DELETE	deployment	/api/build/deployment	d:\OFFICE_PROJECT\ALL_REPOSITORY\PLATFORM_REPO\blocks-release\server\Api\Controllers\BuildController.cs	Build.deployment
blocks-release	BuildController	GET	reports	/api/build/reports	d:\OFFICE_PROJECT\ALL_REPOSITORY\PLATFORM_REPO\blocks-release\server\Api\Controllers\BuildController.cs	Build.reports
blocks-release	BroadcastRequest	POST	broadcast	/api/broadcast-request/broadcast	d:\OFFICE_PROJECT\ALL_REPOSITORY\PLATFORM_REPO\blocks-release\server\Api\Controllers\DeploymentHubBroadcastController.cs	BroadcastRequest.broadcast
blocks-release	GithubController	GET	user	/api/github/user	d:\OFFICE_PROJECT\ALL_REPOSITORY\PLATFORM_REPO\blocks-release\server\Api\Controllers\GithubController.cs	Github.user
blocks-release	GithubController	GET	repos	/api/github/repos	d:\OFFICE_PROJECT\ALL_REPOSITORY\PLATFORM_REPO\blocks-release\server\Api\Controllers\GithubController.cs	Github.repos
blocks-release	GithubController	GET	branches	/api/github/branches	d:\OFFICE_PROJECT\ALL_REPOSITORY\PLATFORM_REPO\blocks-release\server\Api\Controllers\GithubController.cs	Github.branches
blocks-release	GithubController	GET	GithubBranchExists	/api/github/GithubBranchExists	d:\OFFICE_PROJECT\ALL_REPOSITORY\PLATFORM_REPO\blocks-release\server\Api\Controllers\GithubController.cs	Github.GithubBranchExists
blocks-release	GithubController	GET	clone	/api/github/clone	d:\OFFICE_PROJECT\ALL_REPOSITORY\PLATFORM_REPO\blocks-release\server\Api\Controllers\GithubController.cs	Github.clone
blocks-release	GithubController	POST	webhook	/api/github/webhook	d:\OFFICE_PROJECT\ALL_REPOSITORY\PLATFORM_REPO\blocks-release\server\Api\Controllers\GithubController.cs	Github.webhook
blocks-release	GithubController	GET	CreateWebhook	/api/github/CreateWebhook	d:\OFFICE_PROJECT\ALL_REPOSITORY\PLATFORM_REPO\blocks-release\server\Api\Controllers\GithubController.cs	Github.CreateWebhook
blocks-release	MonitorController	GET	GetMonitorListByRepoId	/api/monitor/GetMonitorListByRepoId	d:\OFFICE_PROJECT\ALL_REPOSITORY\PLATFORM_REPO\blocks-release\server\Api\Controllers\MonitorController.cs	Monitor.GetMonitorListByRepoId
blocks-release	RepoSecretController	POST	save	/api/repo-secret/save	d:\OFFICE_PROJECT\ALL_REPOSITORY\PLATFORM_REPO\blocks-release\server\Api\Controllers\RepoSecretController.cs	RepoSecret.save
blocks-release	RepoSecretController	GET	get	/api/repo-secret/get	d:\OFFICE_PROJECT\ALL_REPOSITORY\PLATFORM_REPO\blocks-release\server\Api\Controllers\RepoSecretController.cs	RepoSecret.get
blocks-release	RepoSecretController	GET	value	/api/repo-secret/value	d:\OFFICE_PROJECT\ALL_REPOSITORY\PLATFORM_REPO\blocks-release\server\Api\Controllers\RepoSecretController.cs	RepoSecret.value
blocks-release	RepoSecretController	POST	lock	/api/repo-secret/lock	d:\OFFICE_PROJECT\ALL_REPOSITORY\PLATFORM_REPO\blocks-release\server\Api\Controllers\RepoSecretController.cs	RepoSecret.lock
blocks-release	RepoSecretController	POST	unlock	/api/repo-secret/unlock	d:\OFFICE_PROJECT\ALL_REPOSITORY\PLATFORM_REPO\blocks-release\server\Api\Controllers\RepoSecretController.cs	RepoSecret.unlock
blocks-release	RepoSecretController	DELETE	delete	/api/repo-secret/delete	d:\OFFICE_PROJECT\ALL_REPOSITORY\PLATFORM_REPO\blocks-release\server\Api\Controllers\RepoSecretController.cs	RepoSecret.delete
blocks-release	RepoSecretController	POST	restore	/api/repo-secret/restore	d:\OFFICE_PROJECT\ALL_REPOSITORY\PLATFORM_REPO\blocks-release\server\Api\Controllers\RepoSecretController.cs	RepoSecret.restore
blocks-release	RepoSecretController	GET	audit	/api/repo-secret/audit	d:\OFFICE_PROJECT\ALL_REPOSITORY\PLATFORM_REPO\blocks-release\server\Api\Controllers\RepoSecretController.cs	RepoSecret.audit
blocks-utilities	EntitlementsController	GET		/api/entitlements	d:\OFFICE_PROJECT\ALL_REPOSITORY\PLATFORM_REPO\blocks-utilities\server\Api\Controllers\EntitlementsController.cs	Entitlements.<root>
blocks-utilities	EntitlementsController	GET	{entitlementKey}	/api/entitlements/{entitlementKey}	d:\OFFICE_PROJECT\ALL_REPOSITORY\PLATFORM_REPO\blocks-utilities\server\Api\Controllers\EntitlementsController.cs	Entitlements.{entitlementKey}
blocks-utilities	GeolocationController	GET	locate-ip	/api/geolocation/locate-ip	d:\OFFICE_PROJECT\ALL_REPOSITORY\PLATFORM_REPO\blocks-utilities\server\Api\Controllers\GeolocationController.cs	Geolocation.locate-ip
blocks-utilities	GeolocationController	GET	locate	/api/geolocation/locate	d:\OFFICE_PROJECT\ALL_REPOSITORY\PLATFORM_REPO\blocks-utilities\server\Api\Controllers\GeolocationController.cs	Geolocation.locate
blocks-utilities	MagicLinkController	POST	create-link	/api/magic-link/create-link	d:\OFFICE_PROJECT\ALL_REPOSITORY\PLATFORM_REPO\blocks-utilities\server\Api\Controllers\MagicLinkController.cs	MagicLink.create-link
blocks-utilities	MagicLinkController	POST	create-links	/api/magic-link/create-links	d:\OFFICE_PROJECT\ALL_REPOSITORY\PLATFORM_REPO\blocks-utilities\server\Api\Controllers\MagicLinkController.cs	MagicLink.create-links
blocks-utilities	MagicLinkController	POST	remove-links	/api/magic-link/remove-links	d:\OFFICE_PROJECT\ALL_REPOSITORY\PLATFORM_REPO\blocks-utilities\server\Api\Controllers\MagicLinkController.cs	MagicLink.remove-links
blocks-utilities	MagicLinkController	GET	get-link	/api/magic-link/get-link	d:\OFFICE_PROJECT\ALL_REPOSITORY\PLATFORM_REPO\blocks-utilities\server\Api\Controllers\MagicLinkController.cs	MagicLink.get-link
blocks-utilities	MagicLinkController	GET	get-links	/api/magic-link/get-links	d:\OFFICE_PROJECT\ALL_REPOSITORY\PLATFORM_REPO\blocks-utilities\server\Api\Controllers\MagicLinkController.cs	MagicLink.get-links
blocks-utilities	MagicLinkController	POST	save-config	/api/magic-link/save-config	d:\OFFICE_PROJECT\ALL_REPOSITORY\PLATFORM_REPO\blocks-utilities\server\Api\Controllers\MagicLinkController.cs	MagicLink.save-config
blocks-utilities	MagicLinkController	GET	get-config	/api/magic-link/get-config	d:\OFFICE_PROJECT\ALL_REPOSITORY\PLATFORM_REPO\blocks-utilities\server\Api\Controllers\MagicLinkController.cs	MagicLink.get-config
blocks-utilities	MagicLinkController	GET	invoke/{linkId}	/api/magic-link/invoke/{linkId}	d:\OFFICE_PROJECT\ALL_REPOSITORY\PLATFORM_REPO\blocks-utilities\server\Api\Controllers\MagicLinkController.cs	MagicLink.invoke/{linkId}
blocks-utilities	PaymentMethodsController	GET		/api/payments/payment-methods	d:\OFFICE_PROJECT\ALL_REPOSITORY\PLATFORM_REPO\blocks-utilities\server\Api\Controllers\PaymentMethodsController.cs	PaymentMethods.<root>
blocks-utilities	PaymentMethodsController	DELETE	{paymentMethodId}	/api/payments/payment-methods/{paymentMethodId}	d:\OFFICE_PROJECT\ALL_REPOSITORY\PLATFORM_REPO\blocks-utilities\server\Api\Controllers\PaymentMethodsController.cs	PaymentMethods.{paymentMethodId}
blocks-utilities	PaymentProvidersController	GET		/api/payments/providers	d:\OFFICE_PROJECT\ALL_REPOSITORY\PLATFORM_REPO\blocks-utilities\server\Api\Controllers\PaymentProvidersController.cs	PaymentProviders.<root>
blocks-utilities	PaymentProvidersController	PUT	{paymentProviderId}	/api/payments/providers/{paymentProviderId}	d:\OFFICE_PROJECT\ALL_REPOSITORY\PLATFORM_REPO\blocks-utilities\server\Api\Controllers\PaymentProvidersController.cs	PaymentProviders.{paymentProviderId}
blocks-utilities	PaymentProvidersController	POST	{paymentProviderId}/rotate	/api/payments/providers/{paymentProviderId}/rotate	d:\OFFICE_PROJECT\ALL_REPOSITORY\PLATFORM_REPO\blocks-utilities\server\Api\Controllers\PaymentProvidersController.cs	PaymentProviders.{paymentProviderId}/rotate
blocks-utilities	PaymentProvidersController	GET	encryption	/api/payments/providers/encryption	d:\OFFICE_PROJECT\ALL_REPOSITORY\PLATFORM_REPO\blocks-utilities\server\Api\Controllers\PaymentProvidersController.cs	PaymentProviders.encryption
blocks-utilities	PaymentProvidersController	POST	encryption/re-encrypt	/api/payments/providers/encryption/re-encrypt	d:\OFFICE_PROJECT\ALL_REPOSITORY\PLATFORM_REPO\blocks-utilities\server\Api\Controllers\PaymentProvidersController.cs	PaymentProviders.encryption/re-encrypt
blocks-utilities	PaymentsController	GET		/api/payments	d:\OFFICE_PROJECT\ALL_REPOSITORY\PLATFORM_REPO\blocks-utilities\server\Api\Controllers\PaymentsController.cs	Payments.<root>
blocks-utilities	PaymentsController	POST	providers	/api/payments/providers	d:\OFFICE_PROJECT\ALL_REPOSITORY\PLATFORM_REPO\blocks-utilities\server\Api\Controllers\PaymentsController.cs	Payments.providers
blocks-utilities	PaymentsController	POST	create	/api/payments/create	d:\OFFICE_PROJECT\ALL_REPOSITORY\PLATFORM_REPO\blocks-utilities\server\Api\Controllers\PaymentsController.cs	Payments.create
blocks-utilities	PaymentsController	POST	recurring-payments	/api/payments/recurring-payments	d:\OFFICE_PROJECT\ALL_REPOSITORY\PLATFORM_REPO\blocks-utilities\server\Api\Controllers\PaymentsController.cs	Payments.recurring-payments
blocks-utilities	PaymentsController	GET	{paymentDetailId}	/api/payments/{paymentDetailId}	d:\OFFICE_PROJECT\ALL_REPOSITORY\PLATFORM_REPO\blocks-utilities\server\Api\Controllers\PaymentsController.cs	Payments.{paymentDetailId}
blocks-utilities	PaymentsController	POST	{paymentDetailId}/refunds	/api/payments/{paymentDetailId}/refunds	d:\OFFICE_PROJECT\ALL_REPOSITORY\PLATFORM_REPO\blocks-utilities\server\Api\Controllers\PaymentsController.cs	Payments.{paymentDetailId}/refunds
blocks-utilities	PaymentsController	POST	{paymentDetailId}/captures	/api/payments/{paymentDetailId}/captures	d:\OFFICE_PROJECT\ALL_REPOSITORY\PLATFORM_REPO\blocks-utilities\server\Api\Controllers\PaymentsController.cs	Payments.{paymentDetailId}/captures
blocks-utilities	PaymentsController	GET	{paymentDetailId}/captures/{captureId}	/api/payments/{paymentDetailId}/captures/{captureId}	d:\OFFICE_PROJECT\ALL_REPOSITORY\PLATFORM_REPO\blocks-utilities\server\Api\Controllers\PaymentsController.cs	Payments.{paymentDetailId}/captures/{captureId}
blocks-utilities	PaymentsController	GET	{paymentDetailId}/refunds/{refundId}	/api/payments/{paymentDetailId}/refunds/{refundId}	d:\OFFICE_PROJECT\ALL_REPOSITORY\PLATFORM_REPO\blocks-utilities\server\Api\Controllers\PaymentsController.cs	Payments.{paymentDetailId}/refunds/{refundId}
blocks-utilities	PaymentsController	GET	{paymentDetailId}/refunds	/api/payments/{paymentDetailId}/refunds	d:\OFFICE_PROJECT\ALL_REPOSITORY\PLATFORM_REPO\blocks-utilities\server\Api\Controllers\PaymentsController.cs	Payments.{paymentDetailId}/refunds
blocks-utilities	PaymentValidationController	GET		/api/payments/validate	d:\OFFICE_PROJECT\ALL_REPOSITORY\PLATFORM_REPO\blocks-utilities\server\Api\Controllers\PaymentValidationController.cs	PaymentValidation.<root>
blocks-utilities	PaymentWebhooksController	POST	adyen/webhooks/standard	/api/payments/adyen/webhooks/standard	d:\OFFICE_PROJECT\ALL_REPOSITORY\PLATFORM_REPO\blocks-utilities\server\Api\Controllers\PaymentWebhooksController.cs	PaymentWebhooks.adyen/webhooks/standard
blocks-utilities	PaymentWebhooksController	POST	adyen/webhooks/tokens	/api/payments/adyen/webhooks/tokens	d:\OFFICE_PROJECT\ALL_REPOSITORY\PLATFORM_REPO\blocks-utilities\server\Api\Controllers\PaymentWebhooksController.cs	PaymentWebhooks.adyen/webhooks/tokens
blocks-utilities	PaymentWebhooksController	POST	{provider}/webhooks	/api/payments/{provider}/webhooks	d:\OFFICE_PROJECT\ALL_REPOSITORY\PLATFORM_REPO\blocks-utilities\server\Api\Controllers\PaymentWebhooksController.cs	PaymentWebhooks.{provider}/webhooks
blocks-utilities	PdfGeneratorController	POST	merge-pdfs	/api/pdf-generator/merge-pdfs	d:\OFFICE_PROJECT\ALL_REPOSITORY\PLATFORM_REPO\blocks-utilities\server\Api\Controllers\PdfGeneratorController.cs	PdfGenerator.merge-pdfs
blocks-utilities	PdfGeneratorController	POST	create-pdfs-from-html	/api/pdf-generator/create-pdfs-from-html	d:\OFFICE_PROJECT\ALL_REPOSITORY\PLATFORM_REPO\blocks-utilities\server\Api\Controllers\PdfGeneratorController.cs	PdfGenerator.create-pdfs-from-html
blocks-utilities	PdfGeneratorController	POST	create-pdfs-from-html-using-template-engine	/api/pdf-generator/create-pdfs-from-html-using-template-engine	d:\OFFICE_PROJECT\ALL_REPOSITORY\PLATFORM_REPO\blocks-utilities\server\Api\Controllers\PdfGeneratorController.cs	PdfGenerator.create-pdfs-from-html-using-template-engine
blocks-utilities	PdfGeneratorController	POST	create-pdfs-from-html-using-template-engine-bulk	/api/pdf-generator/create-pdfs-from-html-using-template-engine-bulk	d:\OFFICE_PROJECT\ALL_REPOSITORY\PLATFORM_REPO\blocks-utilities\server\Api\Controllers\PdfGeneratorController.cs	PdfGenerator.create-pdfs-from-html-using-template-engine-bulk
blocks-utilities	PdfGeneratorController	POST	fix-pdfs	/api/pdf-generator/fix-pdfs	d:\OFFICE_PROJECT\ALL_REPOSITORY\PLATFORM_REPO\blocks-utilities\server\Api\Controllers\PdfGeneratorController.cs	PdfGenerator.fix-pdfs
blocks-utilities	PdfGeneratorController	POST	stamp-image-to-pdf	/api/pdf-generator/stamp-image-to-pdf	d:\OFFICE_PROJECT\ALL_REPOSITORY\PLATFORM_REPO\blocks-utilities\server\Api\Controllers\PdfGeneratorController.cs	PdfGenerator.stamp-image-to-pdf
blocks-utilities	PdfGeneratorController	POST	stamp-text-to-pdf	/api/pdf-generator/stamp-text-to-pdf	d:\OFFICE_PROJECT\ALL_REPOSITORY\PLATFORM_REPO\blocks-utilities\server\Api\Controllers\PdfGeneratorController.cs	PdfGenerator.stamp-text-to-pdf
blocks-utilities	PdfGeneratorController	POST	stamp-into-pdf	/api/pdf-generator/stamp-into-pdf	d:\OFFICE_PROJECT\ALL_REPOSITORY\PLATFORM_REPO\blocks-utilities\server\Api\Controllers\PdfGeneratorController.cs	PdfGenerator.stamp-into-pdf
blocks-utilities	SequenceController	GET	next	/api/sequence/next	d:\OFFICE_PROJECT\ALL_REPOSITORY\PLATFORM_REPO\blocks-utilities\server\Api\Controllers\SequenceController.cs	Sequence.next
blocks-utilities	SequenceController	GET	next-hex	/api/sequence/next-hex	d:\OFFICE_PROJECT\ALL_REPOSITORY\PLATFORM_REPO\blocks-utilities\server\Api\Controllers\SequenceController.cs	Sequence.next-hex
blocks-utilities	SequenceController	POST	reset	/api/sequence/reset	d:\OFFICE_PROJECT\ALL_REPOSITORY\PLATFORM_REPO\blocks-utilities\server\Api\Controllers\SequenceController.cs	Sequence.reset
blocks-utilities	SubscriptionDiscountsController	GET		/api	d:\OFFICE_PROJECT\ALL_REPOSITORY\PLATFORM_REPO\blocks-utilities\server\Api\Controllers\SubscriptionDiscountsController.cs	SubscriptionDiscounts.<root>
blocks-utilities	SubscriptionDiscountsController	POST		/api	d:\OFFICE_PROJECT\ALL_REPOSITORY\PLATFORM_REPO\blocks-utilities\server\Api\Controllers\SubscriptionDiscountsController.cs	SubscriptionDiscounts.<root>
blocks-utilities	SubscriptionDiscountsController	PUT	{discountId}/archive	/api/{discountId}/archive	d:\OFFICE_PROJECT\ALL_REPOSITORY\PLATFORM_REPO\blocks-utilities\server\Api\Controllers\SubscriptionDiscountsController.cs	SubscriptionDiscounts.{discountId}/archive
blocks-utilities	SubscriptionPlansController	GET		/api/subscription-plans	d:\OFFICE_PROJECT\ALL_REPOSITORY\PLATFORM_REPO\blocks-utilities\server\Api\Controllers\SubscriptionPlansController.cs	SubscriptionPlans.<root>
blocks-utilities	SubscriptionPlansController	GET	{planId}	/api/subscription-plans/{planId}	d:\OFFICE_PROJECT\ALL_REPOSITORY\PLATFORM_REPO\blocks-utilities\server\Api\Controllers\SubscriptionPlansController.cs	SubscriptionPlans.{planId}
blocks-utilities	SubscriptionPlansController	POST		/api/subscription-plans	d:\OFFICE_PROJECT\ALL_REPOSITORY\PLATFORM_REPO\blocks-utilities\server\Api\Controllers\SubscriptionPlansController.cs	SubscriptionPlans.<root>
blocks-utilities	SubscriptionPlansController	PUT	{planId}	/api/subscription-plans/{planId}	d:\OFFICE_PROJECT\ALL_REPOSITORY\PLATFORM_REPO\blocks-utilities\server\Api\Controllers\SubscriptionPlansController.cs	SubscriptionPlans.{planId}
blocks-utilities	SubscriptionPlansController	POST	prices	/api/subscription-plans/prices	d:\OFFICE_PROJECT\ALL_REPOSITORY\PLATFORM_REPO\blocks-utilities\server\Api\Controllers\SubscriptionPlansController.cs	SubscriptionPlans.prices
blocks-utilities	SubscriptionPlansController	PUT	prices/{priceId}/archive	/api/subscription-plans/prices/{priceId}/archive	d:\OFFICE_PROJECT\ALL_REPOSITORY\PLATFORM_REPO\blocks-utilities\server\Api\Controllers\SubscriptionPlansController.cs	SubscriptionPlans.prices/{priceId}/archive
blocks-utilities	SubscriptionsController	POST		/api/subscriptions	d:\OFFICE_PROJECT\ALL_REPOSITORY\PLATFORM_REPO\blocks-utilities\server\Api\Controllers\SubscriptionsController.cs	Subscriptions.<root>
blocks-utilities	SubscriptionsController	GET	current	/api/subscriptions/current	d:\OFFICE_PROJECT\ALL_REPOSITORY\PLATFORM_REPO\blocks-utilities\server\Api\Controllers\SubscriptionsController.cs	Subscriptions.current
blocks-utilities	SubscriptionsController	DELETE	{subscriptionId}	/api/subscriptions/{subscriptionId}	d:\OFFICE_PROJECT\ALL_REPOSITORY\PLATFORM_REPO\blocks-utilities\server\Api\Controllers\SubscriptionsController.cs	Subscriptions.{subscriptionId}
blocks-utilities	SubscriptionsController	PUT	{subscriptionId}/plan	/api/subscriptions/{subscriptionId}/plan	d:\OFFICE_PROJECT\ALL_REPOSITORY\PLATFORM_REPO\blocks-utilities\server\Api\Controllers\SubscriptionsController.cs	Subscriptions.{subscriptionId}/plan
blocks-utilities	SubscriptionsController	POST	{subscriptionId}/quantities/preview	/api/subscriptions/{subscriptionId}/quantities/preview	d:\OFFICE_PROJECT\ALL_REPOSITORY\PLATFORM_REPO\blocks-utilities\server\Api\Controllers\SubscriptionsController.cs	Subscriptions.{subscriptionId}/quantities/preview
blocks-utilities	SubscriptionsController	PUT	{subscriptionId}/quantities	/api/subscriptions/{subscriptionId}/quantities	d:\OFFICE_PROJECT\ALL_REPOSITORY\PLATFORM_REPO\blocks-utilities\server\Api\Controllers\SubscriptionsController.cs	Subscriptions.{subscriptionId}/quantities
blocks-utilities	SubscriptionsController	DELETE	{subscriptionId}/quantities/pending	/api/subscriptions/{subscriptionId}/quantities/pending	d:\OFFICE_PROJECT\ALL_REPOSITORY\PLATFORM_REPO\blocks-utilities\server\Api\Controllers\SubscriptionsController.cs	Subscriptions.{subscriptionId}/quantities/pending
blocks-utilities	SubscriptionsController	GET	invoices/{paymentId}/pdf	/api/subscriptions/invoices/{paymentId}/pdf	d:\OFFICE_PROJECT\ALL_REPOSITORY\PLATFORM_REPO\blocks-utilities\server\Api\Controllers\SubscriptionsController.cs	Subscriptions.invoices/{paymentId}/pdf
blocks-utilities	SubscriptionsController	GET	invoices	/api/subscriptions/invoices	d:\OFFICE_PROJECT\ALL_REPOSITORY\PLATFORM_REPO\blocks-utilities\server\Api\Controllers\SubscriptionsController.cs	Subscriptions.invoices
blocks-utilities	SubscriptionUsageController	POST		/api/subscription-usage	d:\OFFICE_PROJECT\ALL_REPOSITORY\PLATFORM_REPO\blocks-utilities\server\Api\Controllers\SubscriptionUsageController.cs	SubscriptionUsage.<root>
blocks-utilities	SubscriptionUsageController	GET	current	/api/subscription-usage/current	d:\OFFICE_PROJECT\ALL_REPOSITORY\PLATFORM_REPO\blocks-utilities\server\Api\Controllers\SubscriptionUsageController.cs	SubscriptionUsage.current
blocks-utilities	TemplateEngineController	POST	render-with-json	/api/template-engine/render-with-json	d:\OFFICE_PROJECT\ALL_REPOSITORY\PLATFORM_REPO\blocks-utilities\server\Api\Controllers\TemplateEngineController.cs	TemplateEngine.render-with-json
blocks-utilities	TemplateEngineController	POST	render-with-json-bulk	/api/template-engine/render-with-json-bulk	d:\OFFICE_PROJECT\ALL_REPOSITORY\PLATFORM_REPO\blocks-utilities\server\Api\Controllers\TemplateEngineController.cs	TemplateEngine.render-with-json-bulk
blocks-utilities	TemplateEngineController	POST	generate-rendered-file	/api/template-engine/generate-rendered-file	d:\OFFICE_PROJECT\ALL_REPOSITORY\PLATFORM_REPO\blocks-utilities\server\Api\Controllers\TemplateEngineController.cs	TemplateEngine.generate-rendered-file
blocks-utilities	TemplateEngineController	POST	generate-rendered-file-bulk	/api/template-engine/generate-rendered-file-bulk	d:\OFFICE_PROJECT\ALL_REPOSITORY\PLATFORM_REPO\blocks-utilities\server\Api\Controllers\TemplateEngineController.cs	TemplateEngine.generate-rendered-file-bulk
blocks-utilities	TemplateEngineController	POST	create-file-with-filtered-mongo-query	/api/template-engine/create-file-with-filtered-mongo-query	d:\OFFICE_PROJECT\ALL_REPOSITORY\PLATFORM_REPO\blocks-utilities\server\Api\Controllers\TemplateEngineController.cs	TemplateEngine.create-file-with-filtered-mongo-query
blocks-utilities	TemplateEngineController	POST	create-file-with-filtered-mongo-query-bulk	/api/template-engine/create-file-with-filtered-mongo-query-bulk	d:\OFFICE_PROJECT\ALL_REPOSITORY\PLATFORM_REPO\blocks-utilities\server\Api\Controllers\TemplateEngineController.cs	TemplateEngine.create-file-with-filtered-mongo-query-bulk
blocks-utilities	TemplateEngineController	POST	create-multiple-file-with-filtered-mongo-query	/api/template-engine/create-multiple-file-with-filtered-mongo-query	d:\OFFICE_PROJECT\ALL_REPOSITORY\PLATFORM_REPO\blocks-utilities\server\Api\Controllers\TemplateEngineController.cs	TemplateEngine.create-multiple-file-with-filtered-mongo-query
